region_list,model_name,area,BGC_GPP,model_log10ratio,burke_growth_log10ratio,burke_level_log10ratio,newell_growth_log10ratio,newell_level_log10ratio
Afghanistan,ACCESS-ESM1-5,651317966848.0,0.6436812391496785,0.023440519427157115,-0.7628895289013921,-0.06902608120678212,0.011942666500312681,-0.04209553123255649
Algeria,ACCESS-ESM1-5,2318777780224.0,0.06747543742458893,-0.24919442846213896,-10.038900225684555,-0.7865937650367973,-1.120637789808867,-0.751993565012867
Angola,ACCESS-ESM1-5,1187172648960.0,5.807509666350504,-0.10209555331441492,-7.063543352917438,-0.15566994248723046,-0.02242091067201815,-0.12750689547351013
Argentina,ACCESS-ESM1-5,2772663044096.0,3.969516016901172,0.009297741305866926,-1.8465747987087107,-0.1341173291724562,-0.07524743757535689,-0.10916118839572411
Armenia,ACCESS-ESM1-5,43972747264.0,4.214123203905144,0.03307529791715604,-0.39362471688419887,-0.0034959097943435967,-0.10935653817474536,-0.017974261051924505
Australia,ACCESS-ESM1-5,7637787572224.0,1.6388056157455415,-0.20373035018998384,-8.325471204110222,-0.21019121402560503,-0.3714802287011764,-0.16820148034772522
Austria,ACCESS-ESM1-5,58244466688.0,5.534849049500069,0.026858869975501107,-0.9026232042663854,-0.0011595522514570601,-0.22861219219721124,0.013642480531172561
Azerbaijan,ACCESS-ESM1-5,110538563584.0,3.076281843757316,0.01430056695155296,-1.385211016208595,-0.04016614670409036,-0.17725498184759864,-0.01820398807067173
Bangladesh,ACCESS-ESM1-5,132556541952.0,5.081736007435869,-0.11380924262451712,-6.04363774156388,-0.1371494077867265,0.11434489463862818,-0.08020422018570586
Belarus,ACCESS-ESM1-5,206042311680.0,4.106146585414101,0.051231159770288213,-0.5701337795482591,-0.012504090206547226,-0.04275687338228991,-0.0025148476378780726
Belgium,ACCESS-ESM1-5,36754255872.0,4.33932807463303,0.020271989826944375,-1.5690474360181117,-0.016256542249878995,-0.19470535274328643,-0.0032905547409795826
Benin,ACCESS-ESM1-5,114297284608.0,5.660820767308591,-0.14743698746197723,-7.646898082973052,-0.27762972739579006,-0.05381173197994299,-0.16645555364307307
Bhutan,ACCESS-ESM1-5,25696493568.0,4.551514547755725,0.04229151612859713,-0.45008184547664326,-0.045835282346125925,0.09833114372032575,-0.013922748769010892
Bolivia,ACCESS-ESM1-5,1109008766976.0,7.655818754715499,-0.04200020978628644,-5.632544233589864,-0.1808177212184378,-0.13542389833865906,-0.1627107876256929
Bosnia and Herz.,ACCESS-ESM1-5,82822852608.0,4.72927858058131,-0.03009525848997835,-3.1610935456668865,-0.057889591412411665,-0.5328536552603504,-0.027417150608190083
Botswana,ACCESS-ESM1-5,536187693056.0,3.226796214743525,-0.27174438380225846,-8.03453335061284,-0.33611294224247945,-0.6086701141040474,-0.32444922579540636
Brazil,ACCESS-ESM1-5,8514186184704.0,7.478844045316912,-0.19499554530753563,-8.163826254191306,-0.2657944587764252,-0.2554077933931465,-0.17634745562286802
Bulgaria,ACCESS-ESM1-5,126424346624.0,4.348981345699793,-0.07268046491704801,-3.4594250666032433,-0.045594941183819716,-0.8010552488489875,-0.026062610588351277
Burkina Faso,ACCESS-ESM1-5,283180355584.0,2.3120681419045765,-0.4110637361498655,-8.55973091086288,-0.3576699972228948,-0.1562321454120718,-0.20019587797958247
Burundi,ACCESS-ESM1-5,57849927680.0,8.90142298388671,-0.03362644155075341,-6.2126887506077555,-0.16611265056426563,0.048205621131763444,-0.13613067854969063
Cambodia,ACCESS-ESM1-5,197680961536.0,7.8206218112023596,-0.14751106348271822,-7.84213784700159,-0.27254675056524086,-0.18640130469700789,-0.18531024812986197
Cameroon,ACCESS-ESM1-5,489540296704.0,9.237503591270686,-0.06100561888113391,-6.434630297101688,-0.21356828043511614,0.008230869558262582,-0.15596208169505732
Canada,ACCESS-ESM1-5,9490340350720.0,1.5855787659166038,0.13682418916659508,8.189002589408057,0.19401292123248934,0.4248086603103911,0.12494503871049734
Central African Rep.,ACCESS-ESM1-5,604192858112.0,8.293002554826622,-0.13746567922102887,-7.105966014180745,-0.23424813335720443,-0.011951781498630866,-0.1767821622693482
Chad,ACCESS-ESM1-5,1199705507840.0,1.4302498615710253,-0.3308262248844693,-5.697530386785514,-0.27159120918421215,0.0889553991571042,-0.17604472017502332
Chile,ACCESS-ESM1-5,679387699200.0,2.8944749353734545,0.0056241523732959015,-1.742248239391989,-0.0746011043469835,-0.4642266511524815,-0.07012247356319035
China,ACCESS-ESM1-5,9321888147456.0,2.691362181792284,0.02813099592274121,0.8143348786624227,0.00797686202479625,0.07789554822158178,0.009417690157192054
Colombia,ACCESS-ESM1-5,1067269642240.0,10.336705594202934,-0.07674263535714103,-6.594391397603087,-0.23510533123124777,-0.2769266899823985,-0.1840822206606828
Congo,ACCESS-ESM1-5,289470179328.0,9.861288690500478,-0.08408530115439834,-6.737943227577345,-0.20151878844994967,-0.014982816031710516,-0.1536038698955746
Costa Rica,ACCESS-ESM1-5,28529647616.0,5.032667262644286,-0.3105489317058313,-9.260310383437695,-0.3580335677020062,-0.8124028815264646,-0.38638100565596034
Croatia,ACCESS-ESM1-5,20032968704.0,5.600679854636775,-0.009778464269871221,-2.3557183754149276,-0.04589576331277147,-0.29297032468072143,-0.02075957625370848
Cuba,ACCESS-ESM1-5,53764618240.0,2.0435498213931114,-0.4856716883017306,-10.048570870104134,-0.3629501168436471,-0.5174069187213818,-0.30335807068359133
Czechia,ACCESS-ESM1-5,74965301248.0,5.301983124986394,0.012065481278042408,-1.3699073138026738,-0.017069142170560353,-0.3787375215294014,-0.01247171502969651
Côte d'Ivoire,ACCESS-ESM1-5,344375113728.0,7.5827350402621745,-0.0985118462330091,-7.136313851933938,-0.22952423341153466,-0.045238983329964,-0.15941876333289468
Dem. Rep. Congo,ACCESS-ESM1-5,2366042300416.0,9.6172381251472,-0.07569211041347682,-6.80372557800684,-0.19702725802578194,0.008277682728170992,-0.15739379104041784
Denmark,ACCESS-ESM1-5,32711108608.0,2.396650299903076,0.052705172447066885,-0.7055680292974478,-0.00587177799333771,-0.01935940896060248,-0.00473237143094965
Dominican Rep.,ACCESS-ESM1-5,54864683008.0,3.859744333484044,-0.8426789535605415,-10.809497882030204,-0.28350034595477774,-0.4606011716361861,-0.25747517028971467
Ecuador,ACCESS-ESM1-5,260583120896.0,12.193681154803073,-0.012406278953003502,-5.681127343816791,-0.1600048531737349,-0.20069805069975355,-0.1481395891368047
El Salvador,ACCESS-ESM1-5,56279101440.0,3.1311055547071396,-0.7556269544584947,-10.375281598018068,-0.3730128386651539,-0.740642644420269,-0.34848621759348564
Eq. Guinea,ACCESS-ESM1-5,28962869248.0,13.486352977017585,-0.038340545673205655,-5.870283932739259,-0.1747601229659891,0.007815454277732496,-0.10886108481181857
Eritrea,ACCESS-ESM1-5,83777703936.0,0.4364300313149737,-0.34684787099256315,-5.353196947658077,-0.21690252573739463,0.03603750449722682,-0.14126557621423683
Estonia,ACCESS-ESM1-5,45086211072.0,3.6740728119896953,0.07826202913276417,1.0483923149736656,0.0035322848671965755,0.03698637082174379,0.009786003393944726
Ethiopia,ACCESS-ESM1-5,1087389687808.0,4.051273570565745,-0.03391934050214105,-5.627391318440382,-0.15284211368587763,0.04809891275314056,-0.12487250442387798
Finland,ACCESS-ESM1-5,287619184640.0,1.9075739716210773,0.1896635163033275,4.309181177986147,0.0889713546310894,0.3972462234161411,0.07858117786879647
France,ACCESS-ESM1-5,613312010240.0,5.705141915729831,-0.10402843470535177,-4.337205779586993,-0.07919177623935958,-0.9698690208012126,-0.05434633453813455
Gabon,ACCESS-ESM1-5,231702956032.0,11.668125912267932,-0.020400920018029355,-6.391423117429275,-0.17825882596625778,-0.013747156762773965,-0.1310993244483542
Georgia,ACCESS-ESM1-5,42717499392.0,6.492437186275708,0.029538047469673766,-0.6027178840108673,-0.020796677151381227,-0.08483433161145981,-0.030940572980404465
Germany,ACCESS-ESM1-5,345336431616.0,4.320862934136658,0.03091110461446281,-1.2398316411636334,-0.013801099935987158,-0.2393022900285215,-0.012965013697503983
Ghana,ACCESS-ESM1-5,229363490816.0,6.5629713546277735,-0.1066130522229987,-7.481114251445759,-0.2638241724299505,-0.05355383785909553,-0.15501756598074706
Greece,ACCESS-ESM1-5,133521821696.0,3.650060618082537,-0.10615902122600203,-4.676148300758244,-0.09396160812553607,-0.845827159379247,-0.0641204193469542
Guatemala,ACCESS-ESM1-5,111406657536.0,6.588367842223967,-0.6976421545796629,-12.29456986135654,-0.383702692186723,-0.6797852466660501,-0.3546627468724773
Guinea,ACCESS-ESM1-5,256465876992.0,5.368018503605195,-0.24320134492578294,-8.708965385600285,-0.3304177910665584,-0.613061145177736,-0.2575643180506192
Guinea-Bissau,ACCESS-ESM1-5,56696180736.0,1.6182711600680375,-0.3378173756067756,-11.535753392862471,-0.38163252015899285,-0.7325509006160023,-0.2894692562171868
Guyana,ACCESS-ESM1-5,173026529280.0,10.94757651731171,-0.4519291982155445,-11.173713041537784,-0.28848829293635675,-0.7230330150498179,-0.2616916247139176
Honduras,ACCESS-ESM1-5,83947929600.0,7.003358066426443,-0.9318928348073,-11.985149747852049,-0.36020473703601275,-0.595535389796986,-0.35003023028440283
Hungary,ACCESS-ESM1-5,98780999680.0,4.7023506147938745,-0.05463020556299509,-2.7249079929237423,-0.06552428876386529,-0.2681631176690529,-0.040504030138267685
Iceland,ACCESS-ESM1-5,74598592512.0,0.1937868209102281,0.24504237717342323,4.977447729501364,0.09920829880262323,0.395643260521455,0.04487124484674045
India,ACCESS-ESM1-5,3104877590528.0,2.1210307913117,-0.11593889915878894,-5.267092606161432,-0.1487595045587897,0.07813425571182217,-0.12139191290780088
Indonesia,ACCESS-ESM1-5,1647660505088.0,10.167625805480725,-0.03398212821829701,-6.008252812951038,-0.1460068759334955,-0.0799679277803893,-0.08485767466902913
Iran,ACCESS-ESM1-5,1531914565632.0,0.3880186040420224,-0.04061952217560309,-1.926602910865452,-0.04893532264244559,0.030259611148231495,-0.028336555875431477
Iraq,ACCESS-ESM1-5,436820516864.0,0.42586332483975037,-0.07939599396178203,-3.6896640329427104,-0.1001922473064295,-0.03414992010475096,-0.08654645237780428
Ireland,ACCESS-ESM1-5,86147919872.0,3.871991241692324,0.04506237004391628,-1.0378891917883852,-0.0016072190153829998,-0.10520017885557015,0.0037177008996727087
Italy,ACCESS-ESM1-5,207811258368.0,4.351328040252992,-0.05948946391424458,-3.565347136597802,-0.08641619525862708,-0.844041192584035,-0.06587648404000872
Japan,ACCESS-ESM1-5,276059146240.0,4.737694690850317,0.028656013530863902,-1.9956365231474331,-0.07079968347434341,-0.2309849686565008,-0.06675043092186511
Kazakhstan,ACCESS-ESM1-5,2636373197824.0,0.9712846802565739,0.04236203989586604,1.0817637338217523,-0.04928957992924156,0.06802906075068288,-0.024528644411699687
Kenya,ACCESS-ESM1-5,578850799616.0,2.4163562930778846,-0.035814553868475596,-3.89252243746092,-0.05541109418321469,0.12464844014324522,-0.015093081708412674
Kosovo,ACCESS-ESM1-5,21358749696.0,4.455678959004596,-0.045939941311081006,-3.6026990810826773,-0.040688646422159865,-0.8282234518868843,-0.0162291740893239
Kyrgyzstan,ACCESS-ESM1-5,238300485632.0,1.7577623989859086,0.05119406780784653,1.7292285435201988,0.013708313488474755,0.05395921850832784,0.017203683965988342
Laos,ACCESS-ESM1-5,192734044160.0,8.263075562781069,-0.09686431310833063,-7.458016323707633,-0.22334333585397512,-0.4405042389133915,-0.17766538341855526
Latvia,ACCESS-ESM1-5,63320354816.0,4.020776739940406,0.08756313198707516,0.515690091632487,-0.001480446042649807,0.03263342924404676,0.005571018303882768
Lebanon,ACCESS-ESM1-5,24087478272.0,2.0239517844871213,-0.16290650340127433,-5.947638608901163,-0.05776435346382506,-0.7431084471205118,-0.04460964264759813
Lesotho,ACCESS-ESM1-5,25088550912.0,5.483168566045121,0.024130797479324097,-2.6748127717900854,-0.0794088646079349,-0.20464092362552921,-0.05624013944004795
Liberia,ACCESS-ESM1-5,28797577216.0,8.245667753294065,-0.04134296461310772,-5.845871012240935,-0.18813944713740208,-0.04567161289798444,-0.13345923764970877
Lithuania,ACCESS-ESM1-5,48805844992.0,4.173416952213226,0.07114564367206203,-0.05969080351206309,0.0035278922478604526,0.06650879278952394,0.02399293491273296
Madagascar,ACCESS-ESM1-5,573228824576.0,5.846943908636815,-0.1502290975543642,-6.190034959714081,-0.18716227714802403,-0.385461119748586,-0.171506048630524
Malawi,ACCESS-ESM1-5,141348022272.0,5.957704557581527,-0.17710408244399664,-6.675850609577216,-0.3540336554931788,-0.44073857057467475,-0.3206932681694802
Malaysia,ACCESS-ESM1-5,260183490560.0,9.928705903589636,-0.031868305373705,-6.365408758991797,-0.13288355569856558,-0.048700549680164004,-0.07494500741161113
Mali,ACCESS-ESM1-5,1353404588032.0,0.4323444506863968,-0.4938254474693211,-10.916617835690962,-0.35398677498083836,-0.5640006920081222,-0.2122212784990527
Mexico,ACCESS-ESM1-5,1819402860544.0,4.257932795153783,-0.12281841894807109,-5.851340949018721,-0.1862669542899795,-0.5976113789099919,-0.16791627112187663
Moldova,ACCESS-ESM1-5,19571687424.0,3.924656171469956,-0.02448879899907615,-2.80826025555464,-0.004520889228063529,-0.6330769167561981,0.018775275972618414
Mongolia,ACCESS-ESM1-5,1540728825856.0,0.6801001694789687,0.13787913256518086,5.170798389583455,0.14267832146967657,0.5249401940332645,0.12458837380176374
Mozambique,ACCESS-ESM1-5,773465264128.0,5.491588013655929,-0.2868565557707768,-7.762611821427071,-0.469693147958154,-0.6476095938234752,-0.37785784674789974
Myanmar,ACCESS-ESM1-5,645900986368.0,6.424683963657476,-0.09037966044745385,-5.891681035936702,-0.17763164889396016,0.015904422739897846,-0.14384463534744296
Namibia,ACCESS-ESM1-5,885138556928.0,1.3629793673389625,-0.26497764495337683,-7.583357365476035,-0.23387564432809818,-0.47282273654238627,-0.23456311983546552
Nepal,ACCESS-ESM1-5,127588687872.0,6.236157643395987,-0.04763163269988536,-1.7253841868684672,-0.03264838884769161,-0.005501731699862206,0.0057662601385327986
Netherlands,ACCESS-ESM1-5,18132852736.0,3.9118597587325854,0.04486957095070677,-1.3361515988950998,-0.013501136890619084,-0.166132924044398,-0.003718319016348481
New Zealand,ACCESS-ESM1-5,169853675520.0,4.938264458514285,0.04594860811095501,-0.6889627052968977,-0.014091106838061402,0.010407006875466756,-0.0008899252706390224
Nicaragua,ACCESS-ESM1-5,141258346496.0,5.579427058143019,-0.9436907159069536,-13.584351165727817,-0.41718891426353527,-0.7035662986671752,-0.44473920507757103
Niger,ACCESS-ESM1-5,1158552934400.0,0.2179342571259998,-0.31616564527261387,0.19605890051817415,-0.2629453184261606,0.7453838556518819,-0.22655136226995032
Nigeria,ACCESS-ESM1-5,912721803264.0,5.308709160618646,-0.1215024799510772,-6.907941332835509,-0.25873556369973705,0.0015718481987810483,-0.17154276689555448
North Korea,ACCESS-ESM1-5,133131632640.0,5.121847600817212,0.049857342446226076,0.551143650846845,-0.010252250807334417,0.17236803380387233,0.03631023992271355
North Macedonia,ACCESS-ESM1-5,43561242624.0,4.3561308959614395,-0.061521529316101206,-3.946001510242841,-0.06481160777429233,-0.8350251892551331,-0.03731483016854516
Norway,ACCESS-ESM1-5,360365719552.0,1.0438166091454806,0.16982204464292336,6.132361019273345,0.12889975122079497,0.5945970159846135,0.09613025448114346
Pakistan,ACCESS-ESM1-5,825661624320.0,0.827648470562216,-0.01846454384301986,-2.160145236122633,-0.08701651045612106,-0.03714543647712709,-0.06284536828489158
Panama,ACCESS-ESM1-5,57265197056.0,6.456290116693852,-0.06748922768881993,-6.185918009065627,-0.19698201710671998,-0.939585243749411,-0.2309742084662432
Papua New Guinea,ACCESS-ESM1-5,345310007296.0,10.554977632177193,0.018067645438893484,-5.55522756081937,-0.14309337453409104,-0.014602256310252006,-0.09033691659574064
Paraguay,ACCESS-ESM1-5,400272748544.0,6.884611752338641,-0.09886505265258062,-5.47747677163797,-0.2064022920686596,0.0209648245881137,-0.1779060655062295
Peru,ACCESS-ESM1-5,1310632603648.0,8.94119151265771,-0.01211677430554636,-5.35809359853349,-0.16654200500682675,-0.06262265600507175,-0.14445331694666175
Philippines,ACCESS-ESM1-5,113047056384.0,3.927386371806458,-0.09086796906498379,-5.607582924966973,-0.16318114394371613,-0.02370172678853205,-0.09164447841597997
Poland,ACCESS-ESM1-5,302224489472.0,4.238890018326889,0.03782533172490658,-1.4600210639095552,-0.025332453423882018,-0.34370098283736794,-0.02091748390506859
Portugal,ACCESS-ESM1-5,89549074432.0,4.3486242708880605,-0.09524531011494045,-5.604834496224131,-0.19175061238074542,-0.9368667048529252,-0.18059257036991416
Romania,ACCESS-ESM1-5,220785795072.0,4.717296137476963,-0.03175249212620085,-2.9002174334490722,-0.04159604475241344,-0.6831733167468478,-0.01883334321977831
Russia,ACCESS-ESM1-5,16583658663424.0,1.6828031335416884,0.1277253155187655,8.614378425851388,0.11558342755075394,0.5586194913531253,0.0927391005380104
S. Sudan,ACCESS-ESM1-5,660530290688.0,6.370905760469713,-0.32402945226620117,-7.276494349198551,-0.22822197429285004,-0.007483561128622877,-0.16259557181104542
Senegal,ACCESS-ESM1-5,139899897856.0,0.2489116424242511,-0.6112416196762376,-15.665415376771865,-0.4071313574875335,-0.7783365022326973,-0.3136108097186107
Serbia,ACCESS-ESM1-5,62770176000.0,5.372444772661241,-0.07312498714474154,-3.168135085946994,-0.03867816233408439,-0.7647969984433024,-0.017251732006341128
Sierra Leone,ACCESS-ESM1-5,57354520576.0,7.082351604386913,-0.13423672197915812,-6.897131602602342,-0.30144143096343673,-0.2567101640446131,-0.2446713230052458
Slovakia,ACCESS-ESM1-5,38202183680.0,5.700353311536,-0.018603696952968683,-1.591251297583845,-0.047408147480363406,-0.2101771513014524,-0.027247197904678444
Slovenia,ACCESS-ESM1-5,20032968704.0,5.967716424632296,0.00588300825491077,-1.5956597186155261,-0.02731501608377726,-0.27061265105110144,3.1182630207426264e-05
Somalia,ACCESS-ESM1-5,461197248512.0,1.2429344996567129,-0.2772158242430251,-4.89466910172086,-0.2229994760218122,-0.023864915748502573,-0.1593675506752271
Somaliland,ACCESS-ESM1-5,228210020352.0,0.11972719640600994,-0.16410314275194043,-4.6450006827937,-0.034995432780598044,0.19607789359826988,0.016216937172330557
South Africa,ACCESS-ESM1-5,1265222434816.0,3.5433481874475836,-0.009245580773337729,-4.0635849137718,-0.14827157778991004,-0.1262772287286849,-0.1250712752016616
South Korea,ACCESS-ESM1-5,46345766912.0,4.964867745944211,0.020277949789974537,-1.4573939498057793,-0.0648094200208853,-0.050487919684205934,-0.013213171145781848
Spain,ACCESS-ESM1-5,442006788096.0,3.2743346805939653,-0.13527679586643712,-5.894867033026983,-0.22674776461828683,-1.003636737572664,-0.21228535075365834
Sri Lanka,ACCESS-ESM1-5,86152097792.0,3.7950386284294937,-0.16317467024165883,-5.995933722764612,-0.22218528057239154,0.11983220532621652,-0.13636490472310642
Sudan,ACCESS-ESM1-5,1835557609472.0,1.0056036275022593,-0.3682405068824203,-6.962453933590338,-0.24557551969050428,0.005779225233047961,-0.19658526792109182
Suriname,ACCESS-ESM1-5,115617189888.0,9.363478422054188,-0.4066237652593597,-13.575731493565769,-0.3439599302828587,-0.6168749452849839,-0.2967662655196682
Sweden,ACCESS-ESM1-5,434467048448.0,1.9165669999157149,0.16281578630559004,3.3297505452789915,0.07275725221369163,0.24223881370207584,0.07158420715885697
Switzerland,ACCESS-ESM1-5,59176343552.0,5.807682149739295,0.021123136178799004,-0.8932589908061707,-0.00324494382188242,-0.23745848682546236,-0.003550942341041468
Syria,ACCESS-ESM1-5,165723764736.0,1.2303354092350274,-0.11259781360947026,-5.080527730974433,-0.10549201629203744,-0.7711826048134858,-0.09405732990073454
Tajikistan,ACCESS-ESM1-5,158921107456.0,1.286782764819851,0.021254597492718633,3.19876330754647,0.06278631087542284,0.1993352972694603,0.05194375644783622
Tanzania,ACCESS-ESM1-5,920502028288.0,6.524468722583743,-0.029041249418167974,-5.476947190048568,-0.20041861249459308,-0.019561729111589377,-0.1782669408575443
Thailand,ACCESS-ESM1-5,474431395840.0,6.7716765704572905,-0.16342973806643424,-7.613335956852821,-0.2594140938809198,-0.18380762206630813,-0.20226884560637343
Turkey,ACCESS-ESM1-5,762791931904.0,3.2632299295636216,-6.323739430486951e-05,-2.0165966539429343,-0.026413624835383592,-0.23771234586334233,-0.018849624292992147
Turkmenistan,ACCESS-ESM1-5,473502216192.0,0.18837674450222763,0.03552764560074791,-1.5653950133409558,-0.09490646125785841,0.011857382123860966,-0.06396978846872145
Uganda,ACCESS-ESM1-5,260590014464.0,8.033948506826594,-0.04189888292286989,-5.806816099277459,-0.13674939060310443,0.03542052729687656,-0.11882278328170164
Ukraine,ACCESS-ESM1-5,586703634432.0,3.8865701645947555,-0.00703077025382394,-1.904921653040822,-0.033458499429311936,-0.23947466318042926,-0.01539346490901326
United Kingdom,ACCESS-ESM1-5,187274917888.0,3.5145691907228342,0.061989380590860246,-0.9481785259337988,0.012666930132505555,-0.08912078841316687,0.023046014935092254
United States of America,ACCESS-ESM1-5,9333100793856.0,3.029219405924777,-0.004903609987547842,-1.1183775967095322,-0.018143457734255308,0.02314606337084462,0.002704398163565291
Uruguay,ACCESS-ESM1-5,170327582720.0,6.733479038371586,0.026564512651260457,-2.5895386507240987,-0.11430114056649218,0.028316646714866563,-0.06804925112677931
Uzbekistan,ACCESS-ESM1-5,453770321920.0,0.5611568003947286,-0.02070357556722559,-0.5506196700486542,0.022625349340496967,0.14843774631477524,0.04848024145167237
Venezuela,ACCESS-ESM1-5,833392234496.0,7.038161486670359,-0.25758588297376056,-9.773220658544108,-0.2526352889363907,-0.5275202117086428,-0.20413716496567672
Vietnam,ACCESS-ESM1-5,302002673664.0,7.284921237165291,-0.07762125560777744,-6.102315737280078,-0.19707066892740532,-0.19621953980924764,-0.16158824385705972
Zambia,ACCESS-ESM1-5,759975708672.0,7.2639562161964655,-0.14482215023100162,-7.093998660712384,-0.26671680653183,-0.2853881679293908,-0.23587170206072794
Zimbabwe,ACCESS-ESM1-5,383096807424.0,5.548000370173157,-0.19516560648637113,-7.921847531728615,-0.32302963374333155,-0.604048201237697,-0.24573788647011854
eSwatini,ACCESS-ESM1-5,25982191616.0,6.888255696591733,0.011101948923864546,-4.663985416438098,-0.13190850758635142,-0.0011991296527664218,-0.08201549887442298
Afghanistan,CNRM-ESM2-1,667312807936.0,1.1281739878827566,0.04457269598143596,-4.73743757985808,-0.23018959586908846,-0.24298559429896893,-0.14114470050253153
Albania,CNRM-ESM2-1,18291034112.0,6.153924819030688,-0.0892650456799243,-7.073104721511755,-0.16481571179049967,-1.4089096570367552,-0.05774502119936109
Algeria,CNRM-ESM2-1,2249977524224.0,0.3500773739307722,-0.23192903884340427,-16.251113269861218,-0.4468413662776926,-4.082843930878328,-0.35760576818382145
Angola,CNRM-ESM2-1,1236785991680.0,5.203575177548539,-0.22535976323406165,-9.933339828637818,-0.4165657152658381,-1.7944631740992287,-0.29890816215204896
Argentina,CNRM-ESM2-1,2697814614016.0,4.122396108138359,-0.025199300926529777,-5.159152251279898,-0.09301725957280974,-0.4123974909704856,-0.02690344829223946
Armenia,CNRM-ESM2-1,18679117824.0,2.9353162394870727,-0.025763054901027115,-4.665302299064547,-0.10292573339118773,-0.691489273835014,-0.0020913465395379777
Australia,CNRM-ESM2-1,7577643163648.0,2.291929534939271,-0.21086593929643743,-10.832107424544796,-0.4880795419598766,-2.3263174207949224,-0.3877429948663702
Austria,CNRM-ESM2-1,98482538496.0,4.226854653903899,0.080595362165682,-1.4187907387547019,0.01906286715945655,0.1867171484534132,0.11930618621134752
Azerbaijan,CNRM-ESM2-1,56037353472.0,3.6207758275405033,-0.02414421080981689,-6.553083064417191,-0.22491068130636854,-0.7245966638871159,-0.11104673668954243
Bangladesh,CNRM-ESM2-1,133187508224.0,7.712890395986932,-0.04752312056104395,-7.003371149879098,-0.26121106003647543,-0.8922999780996517,-0.10523006455088235
Belarus,CNRM-ESM2-1,216508904448.0,3.9304390866065027,0.10185304123142279,-1.3053648477586122,0.0813210992808008,0.27244343945980903,0.12811691788654128
Belgium,CNRM-ESM2-1,61597490176.0,5.206190764893019,0.02811329723810235,-2.3813424845979725,-0.05811204161873881,0.04461695910861813,0.006957951317801225
Belize,CNRM-ESM2-1,23226974208.0,8.96302155618192,-0.1400875786339458,-8.776920873857478,-0.2788284018979058,-1.3787440204517163,-0.12682006337127766
Benin,CNRM-ESM2-1,95774992384.0,3.6898456554693966,-0.0755814378645538,-10.185144619553176,-0.30915991734616777,-0.6124980933673281,-0.08167564360885077
Bhutan,CNRM-ESM2-1,43279622144.0,6.449802549668115,0.08079912711029867,-2.3295407092305958,-0.062367220934370526,0.009596902959928957,0.015508214239169624
Bolivia,CNRM-ESM2-1,1118610411520.0,7.092586412646769,-0.0864484089054509,-8.415614841581323,-0.2807710079453178,-1.4569280428612883,-0.21692177810786217
Bosnia and Herz.,CNRM-ESM2-1,52857294848.0,6.104514956289786,-0.021364476642574525,-4.724740918614218,-0.02570471089778546,-0.4231603018825705,0.06685138581510083
Botswana,CNRM-ESM2-1,586588915712.0,1.9674156301611283,-0.5122684678641,-16.443745263839382,-0.7044405246555158,-4.596818028068819,-0.64605068614352
Brazil,CNRM-ESM2-1,8626692120576.0,7.513997449542426,-0.12470156475447546,-10.14494253642693,-0.39197261804240974,-1.6682146309827037,-0.22032300833628315
Bulgaria,CNRM-ESM2-1,89858951168.0,5.154839728561363,-0.06359557876693958,-6.053020577770583,-0.1283597560500914,-1.1100998072087793,-0.048432794050893416
Burkina Faso,CNRM-ESM2-1,237767645184.0,1.945736378746829,-0.08989797913700968,-9.938665238970115,-0.3960753100188336,-0.09516091484542441,-0.13873402944383278
Burundi,CNRM-ESM2-1,24310106112.0,6.187078160690739,0.004890179148884559,-6.422571790069318,-0.2195530174930199,-0.7684155502887953,-0.13928460689447308
Cambodia,CNRM-ESM2-1,142469648384.0,7.434409784539019,-0.11391129196333474,-10.017642376629137,-0.3574602064097985,-1.4825172891066596,-0.1653855858813857
Cameroon,CNRM-ESM2-1,435882113024.0,6.823179116529057,-0.040953464842271185,-8.198981793000394,-0.29676306790813933,-1.12969345213816,-0.1612523033224113
Canada,CNRM-ESM2-1,9424857990912.0,2.6340327066482745,0.10387453270546021,5.241587246254561,0.047264991418657976,0.7439585497679944,0.07959808081154972
Central African Rep.,CNRM-ESM2-1,556299046912.0,3.159462116101603,0.02570979316602737,-7.547773228265172,-0.2804175778847541,0.005328411595930801,-0.027048120020514727
Chile,CNRM-ESM2-1,673340191744.0,2.911885407933133,0.024753797031799855,-4.010527280501823,-0.12596734570722906,-0.6097790842081594,-0.06041222605290992
China,CNRM-ESM2-1,9303069665280.0,3.4732776295797305,0.037206579535768544,-0.29280434233079505,-0.09974820277224174,0.09440151560700555,-0.004729920875014532
Colombia,CNRM-ESM2-1,1188755888128.0,7.675081223771485,-0.06936174968402177,-9.089136383627245,-0.3614303823488379,-1.4813511878873529,-0.22117956977092262
Congo,CNRM-ESM2-1,316322433024.0,7.435238455611888,-0.04656676868216357,-8.722627321548941,-0.3255191231635284,-1.1998378845364055,-0.14484198795909412
Costa Rica,CNRM-ESM2-1,47996039168.0,8.314224142665577,-0.035578165484831316,-8.157257532101129,-0.32871597325762186,-1.7203200298954904,-0.2514401043667914
Croatia,CNRM-ESM2-1,51188739072.0,4.469444752991216,-0.0026015436465310865,-4.521735175997787,-0.1206538661959878,-0.1961781791643863,-0.009872949442746269
Cuba,CNRM-ESM2-1,68095995904.0,7.517394341933399,-0.16096882909759608,-8.089930449455046,-0.3041834401096779,-1.2546888991899503,-0.1735959008627908
Czechia,CNRM-ESM2-1,78719866880.0,5.226348649614037,0.02271271085522612,-2.4295464702515788,0.050408289032681464,0.1440877263711991,0.14594928910271926
Côte d'Ivoire,CNRM-ESM2-1,265493506048.0,4.768117057568299,-0.14800787506777918,-10.331403371838627,-0.39839152783186776,-1.3826294597305502,-0.18121834712347817
Dem. Rep. Congo,CNRM-ESM2-1,2352492134400.0,3.719410645627375,-0.0297292961169161,-8.189561164956652,-0.2938759612045749,-0.5472549411890266,-0.0517109372353372
Denmark,CNRM-ESM2-1,13361099776.0,5.936861475450128,0.07247278767647897,-1.194386592422501,0.02414113658989148,0.30354362572204374,0.12164327522178683
Dominican Rep.,CNRM-ESM2-1,46081740800.0,9.824340694825223,-0.06841804787433879,-8.130037285483628,-0.28438755985814385,-1.6854407852036226,-0.2309770964307801
Ecuador,CNRM-ESM2-1,243406669824.0,6.005322052593391,-0.10666037999321389,-6.2531830961996695,-0.29005067571002285,-1.1704069817482718,-0.2258010464165131
El Salvador,CNRM-ESM2-1,23701602304.0,5.859661784361273,-0.14100840617318192,-11.576659871926948,-0.3015786647264396,-1.9031970772630527,-0.06925847526932605
Eq. Guinea,CNRM-ESM2-1,48678420480.0,7.4261972801466705,-0.06808949100841691,-7.54502541189658,-0.31252067254692373,-1.0901042267973715,-0.1997070766610546
Eritrea,CNRM-ESM2-1,140999976960.0,0.33885093973387564,-0.09322949234648034,-17.239906541778453,-0.3224844781358829,-2.196469474054746,-0.1494351641668153
Estonia,CNRM-ESM2-1,25718566912.0,4.2589306382711625,0.11660635307637683,-0.1822648982420875,0.020516529101795928,0.4811835803882215,0.11399381680706785
Ethiopia,CNRM-ESM2-1,1130648213504.0,2.7226985061041864,-0.039442087956773376,-9.438063732354273,-0.2643840449579495,-1.0255153499017367,-0.13862126868781272
Finland,CNRM-ESM2-1,325743538176.0,3.3803939748806604,0.10990454155995219,1.8206000120569246,-0.07699589270270338,0.6406861258110155,-0.007794647238228465
France,CNRM-ESM2-1,569048140800.0,6.462258479481733,-0.018154754870709246,-4.064719366553818,-0.17390483067593754,-0.23586225325354054,-0.09420728172505888
Gabon,CNRM-ESM2-1,316497070080.0,8.19310373824679,-0.02956881802189373,-7.716885124148427,-0.30819757578229867,-1.1211349431753899,-0.17544049803272882
Gambia,CNRM-ESM2-1,23701602304.0,3.8433147329870585,-0.18377136669889532,-12.78201189976042,-0.4685315658779029,-1.7384705045311422,-0.1763419801729897
Georgia,CNRM-ESM2-1,90657060864.0,4.373761192101099,0.0474019790766634,-3.479130311078269,-0.13824168777042792,-0.3146957884755732,-0.047236558737167755
Germany,CNRM-ESM2-1,365722425344.0,5.187873216886165,0.04318988594517442,-2.1649095605086655,-0.04761083022679697,0.11520258482474159,0.03852345224879565
Ghana,CNRM-ESM2-1,264971622400.0,4.344412038005613,-0.12202747466003501,-10.580189878520715,-0.3823664840839351,-1.4090794473306745,-0.1417513801401254
Greece,CNRM-ESM2-1,94124451840.0,5.125624169891,-0.09453973142651387,-8.505580765138962,-0.24609417035773457,-1.8996388283229586,-0.18403003932891981
Greenland,CNRM-ESM2-1,2055233313536.0,0.03908482810703081,0.14890326394799464,22.4291062107404,0.3802039796994812,1.4115682325788412,0.15604678702203129
Guatemala,CNRM-ESM2-1,93740967936.0,6.682251140218945,-0.11603289050904107,-7.842402083950695,-0.27802441430701874,-1.6813662540049754,-0.22755980507714393
Guinea,CNRM-ESM2-1,263464673280.0,3.591955786612609,-0.16636805054100112,-10.572699822019414,-0.4401510052206167,-1.4820615017590157,-0.24537308999573584
Guyana,CNRM-ESM2-1,242461581312.0,11.001324384004297,-0.10337959231130213,-10.303228552554273,-0.39294326573688554,-1.579762849280856,-0.22004413203068884
Honduras,CNRM-ESM2-1,117931229184.0,8.961825049226338,-0.04458221132070312,-7.349887329397855,-0.29302807487240357,-1.1763122642239376,-0.23150611294826745
Hungary,CNRM-ESM2-1,82727879680.0,2.879305587064545,0.07934413080282723,-3.943393034230412,-0.01165759627031522,-0.04449902055603275,0.10118796552007187
Iceland,CNRM-ESM2-1,83002089472.0,1.0584977571106218,0.1064708297791895,1.2873898352343907,0.09562014611211175,0.416569795559794,0.12411766171944844
India,CNRM-ESM2-1,3165239418880.0,4.384490699155312,0.00869299649100977,-7.430536919358238,-0.27299204359935425,-0.6552919484886213,-0.18036440969760553
Indonesia,CNRM-ESM2-1,1555397724160.0,8.787143810238563,-0.032687191131047864,-7.291256076450109,-0.28891696752719254,-1.0306347376343958,-0.16518033250903136
Iran,CNRM-ESM2-1,1619101892608.0,0.8912455421532951,0.0032419667502871785,-8.699731145209832,-0.32071063335991346,-1.1099166848458766,-0.23421461160923357
Iraq,CNRM-ESM2-1,428755400704.0,0.48197285252316213,-0.0734551603148671,-12.117622684725601,-0.5058855709935941,-2.3656078618910694,-0.42527283946994
Ireland,CNRM-ESM2-1,58314721280.0,4.952722318758307,0.04402426685412499,-1.8829663051955425,-0.0794638735947948,-0.03413328170650429,-0.024835355835600335
Italy,CNRM-ESM2-1,227958480896.0,6.3347224517281635,-0.05176276079972733,-4.694525063818117,-0.15930077592202593,-0.473013329906934,-0.07349899216100761
Japan,CNRM-ESM2-1,247206395904.0,6.258335209786767,0.10147651632253989,-3.498704743338689,-0.14014996038446745,-0.12593928352604666,-0.05503629906687372
Jordan,CNRM-ESM2-1,83343935488.0,0.20663779914467495,-0.19789808459036445,-11.978914654794778,-0.5610838600286633,-3.1069761377353027,-0.46868605378065764
Kazakhstan,CNRM-ESM2-1,2659754999808.0,1.011336637595628,0.08033329547362142,-2.118856398869157,-0.3067028709107272,0.035264153829013795,-0.1761861619509873
Kenya,CNRM-ESM2-1,632717656064.0,3.133616369190294,-0.1569134073478557,-9.95563727513728,-0.2906837298172911,-1.732316966782987,-0.1646404752774126
Kosovo,CNRM-ESM2-1,17891979264.0,5.928380556293464,-0.04531575303872382,-4.791649836826301,-0.004709641111193762,-0.858906935114709,0.07313977375512351
Kyrgyzstan,CNRM-ESM2-1,199982268416.0,1.8601108807061346,0.0820288213325014,2.980857395647054,-0.025830197333103332,0.6739229586799633,0.013380133809325512
Laos,CNRM-ESM2-1,208187506688.0,9.475916492182714,-0.06995749648700847,-8.231876021338362,-0.3248780703198869,-1.797300373599527,-0.28728937311565694
Latvia,CNRM-ESM2-1,66805498880.0,3.9953445339280376,0.1276952817999046,-0.2364191195547496,0.06387156809121565,0.5373923366657098,0.1511086644618403
Lesotho,CNRM-ESM2-1,21067708416.0,6.758926880073856,-0.028566328401048335,-6.080670497334028,-0.23869154423201738,-1.2115904546026275,-0.15787438182198243
Liberia,CNRM-ESM2-1,96818878464.0,6.206668383775596,-0.11723779725063924,-9.124668794067647,-0.3370248510772377,-1.3556334818518774,-0.18599179936303228
Lithuania,CNRM-ESM2-1,41564740608.0,4.684754711305608,0.08990633037208949,-0.470430637194279,0.1082110754414987,0.5131973671538981,0.18502879991382987
Madagascar,CNRM-ESM2-1,573598812160.0,5.937624447990835,-0.15163143915886473,-9.233325889145299,-0.29056596115989897,-2.365323921449926,-0.24291402029111914
Malawi,CNRM-ESM2-1,118437142528.0,5.816117710041104,-0.16287121284643916,-10.332773775082195,-0.3435956336182187,-2.1002313268982356,-0.27321169800272105
Malaysia,CNRM-ESM2-1,315798757376.0,10.020719376777913,-0.003587031961524509,-7.680448636704271,-0.2909047350307095,-1.2980169577944927,-0.17202182314206238
Mali,CNRM-ESM2-1,1322301097984.0,1.010128425634927,-0.16177047097551242,-10.904635012574108,-0.339652416226248,-0.4970268317909778,-0.05678076420315178
Mauritania,CNRM-ESM2-1,1025563125760.0,0.18723222504723117,-0.29216535094166657,-14.472172013830393,-0.4504708093402921,-2.040953631910738,-0.23417703582083332
Mexico,CNRM-ESM2-1,1865298526208.0,5.445396950169654,-0.16329814960219213,-8.352417538360132,-0.3097552294265561,-1.4449026796371944,-0.24441505657962767
Moldova,CNRM-ESM2-1,49460968448.0,3.0052053425195866,0.03408709823808931,-4.98963171444298,0.05787579398298948,-0.023769586234532666,0.11927194880778379
Mongolia,CNRM-ESM2-1,1633148971008.0,1.0299255143101167,0.06567001522067856,2.823819294406403,0.0342250115477473,0.6485321305939478,0.0674432356878748
Montenegro,CNRM-ESM2-1,17891979264.0,5.898238580817567,-0.006140981535653281,-4.608469271482214,-0.01583520167060896,-0.5047301913591564,0.06222762299272731
Morocco,CNRM-ESM2-1,528738332672.0,1.1819387900997496,-0.31550307619986745,-13.440545441645032,-0.4312642090296919,-3.2305291033023136,-0.41318320158417343
Mozambique,CNRM-ESM2-1,764829911040.0,4.8028727702400955,-0.2619460985218433,-11.066897717440543,-0.42114194808412897,-2.0998560617131865,-0.2744113002403942
Myanmar,CNRM-ESM2-1,632425089024.0,7.745684556560552,-0.039649135274836066,-7.674685960374777,-0.3298002312544295,-1.2879559958131144,-0.270767043057893
Namibia,CNRM-ESM2-1,855509876736.0,1.8277706219063785,-0.3949724581883674,-16.134999692821822,-0.4935761964190352,-4.407108804973356,-0.44070667820021014
Nepal,CNRM-ESM2-1,128426921984.0,3.3197440238108413,0.10173580431637301,-1.3413556183369133,-0.07324066508825941,0.1254771987222065,0.010256379851188619
Netherlands,CNRM-ESM2-1,14816913408.0,5.1966288478866955,0.053168613730324846,-1.5463277537715066,-0.0020354575391474177,0.20179899397987222,0.06027357492840167
New Zealand,CNRM-ESM2-1,197018639360.0,5.879829676439548,0.06204675150934189,-1.6830264694590729,-0.03870119370589374,-0.008014361439910814,0.021806961174239047
Nicaragua,CNRM-ESM2-1,95066443776.0,8.334392074420114,-0.05882537578489261,-8.935735647536916,-0.3054296596716436,-1.5218205871926518,-0.1812106674214331
Nigeria,CNRM-ESM2-1,935806212096.0,3.5854970268298465,-0.047234465188246276,-9.180784020594434,-0.32811901577213853,-0.48939117669222054,-0.11159895934396989
North Korea,CNRM-ESM2-1,130341812224.0,5.2784791954311565,0.07749229180818226,-1.6355027822807793,-0.09344050371816229,0.04868264179556004,0.004751185717924774
North Macedonia,CNRM-ESM2-1,36582068224.0,5.279342024957883,-0.07249546085462112,-6.119227481483653,-0.15054723066963596,-1.4482569249591024,-0.06290219663593341
Norway,CNRM-ESM2-1,329571838464.0,2.026948043447721,0.12410876516419186,2.8956177013954516,0.016247184875260865,0.6990644745431567,0.06561573758005448
Pakistan,CNRM-ESM2-1,866814601216.0,1.8884855195611192,0.12408341172682422,-3.175171633421671,-0.0771986709855335,0.054854735389723644,-0.011701149180978285
Palestine,CNRM-ESM2-1,20762970112.0,0.6465670919748797,-0.20811595115076897,-10.585535524843936,-0.5422056845463779,-3.267275157138312,-0.4762006928243985
Papua New Guinea,CNRM-ESM2-1,338713956352.0,8.80759316742654,-0.018608052136293476,-6.3586504644452155,-0.2309751241772107,-0.9803165680951518,-0.18897619427257958
Paraguay,CNRM-ESM2-1,423646705664.0,4.491140916348072,-0.12298110250029563,-9.611711237001513,-0.2079866018827186,-1.5396256819671643,-0.09756457176315092
Peru,CNRM-ESM2-1,1199017914368.0,6.688915090099687,-0.029178621936442047,-6.507086307079576,-0.23292201635176665,-0.9949897297026122,-0.1607247302938752
Philippines,CNRM-ESM2-1,142359250944.0,10.556164595480203,-0.025569502783567954,-7.491111270979878,-0.2569739939871875,-1.5445563676995366,-0.16759973674590756
Poland,CNRM-ESM2-1,313883117568.0,4.514852450960898,0.06756223891605746,-2.1136024026417313,0.029573221336263653,0.18570679661349415,0.11002393119442644
Portugal,CNRM-ESM2-1,92995540992.0,5.521909788671296,-0.08519260297475877,-6.569947788023731,-0.29799992901676986,-1.6367420672423854,-0.26389505923311773
Romania,CNRM-ESM2-1,238841931776.0,3.8157794855162255,-0.007077770621002344,-5.693313845962597,-0.04922641883795494,-0.8387267064562021,0.020053185785411095
Russia,CNRM-ESM2-1,16597962257408.0,2.759872714512671,0.10515172576566902,6.290226538207791,0.05900286465520041,0.770469885664968,0.09545690862939465
Rwanda,CNRM-ESM2-1,24339210240.0,6.8134200104526235,0.034323333478825956,-5.626453499406474,-0.17641927314945244,-0.3157491458051847,-0.08488637965027475
Saudi Arabia,CNRM-ESM2-1,1951708485632.0,0.22296964287233823,-0.16341646206848132,-17.20898160431596,-0.3583872531302712,-2.6449305445084454,-0.10066453394069444
Senegal,CNRM-ESM2-1,188431192064.0,2.064882027645534,-0.25140628402370707,-13.586183263160345,-0.5253111572840484,-2.7815639315178604,-0.26340839949761696
Serbia,CNRM-ESM2-1,69510886400.0,3.826912585454263,0.007668574922799059,-6.075437755086028,-0.05874787546907094,-0.6546903258110344,0.025347507806472123
Sierra Leone,CNRM-ESM2-1,72233146368.0,4.224306090372973,-0.14774331413364514,-10.0129756664658,-0.4314993385870153,-1.500338197109994,-0.25250874241566207
Slovakia,CNRM-ESM2-1,32388114432.0,4.614672584509807,0.013581469335724504,-2.7424245072899796,0.05875990333714577,0.1731265482904357,0.16240392330008266
Slovenia,CNRM-ESM2-1,17062913024.0,5.63639736261172,-0.013183555358062224,-4.07177270187466,-0.10916333714903922,-0.2512626289763042,-0.02354465308593566
Somalia,CNRM-ESM2-1,460396519424.0,1.9908135095902377,-0.2266647294987851,-10.383704114877428,-0.205717874881751,-1.3467819424787808,-0.003910023049960149
Somaliland,CNRM-ESM2-1,143988117504.0,1.1123986784424604,-0.2142248844937627,-10.602713838779996,0.03387270719789871,-1.3209964057210528,0.15889419995974335
South Africa,CNRM-ESM2-1,1234396856320.0,5.17487679493323,-0.20220345502225787,-9.316707796731626,-0.3913526386231655,-2.5088983228505306,-0.3354375559162013
South Korea,CNRM-ESM2-1,78387515392.0,6.689886077501445,0.0963826980536909,-3.3114546900798443,-0.16327289602889955,-0.03411948373474876,-0.0432575964584198
Spain,CNRM-ESM2-1,445350572032.0,4.976524026456666,-0.08466104231232965,-6.017936277099212,-0.2593032585829738,-1.3938417303983197,-0.20941190367596033
Sri Lanka,CNRM-ESM2-1,72320176128.0,7.596328796328436,-0.04339777036293045,-6.63760654240559,-0.21951470904907064,-0.3574009993854718,-0.016599637307491276
Suriname,CNRM-ESM2-1,145758842880.0,10.310422850506118,-0.11597467739394247,-10.938117882526255,-0.4071368260264441,-1.5696103689822558,-0.2103750450094361
Sweden,CNRM-ESM2-1,420562433024.0,3.3464143505166017,0.10118789864350579,1.7450137628262932,-0.002643258588839834,0.7664268792568927,0.07326645290277732
Switzerland,CNRM-ESM2-1,49900366848.0,3.723201927548963,0.11107674176798012,-0.8390509357617411,-0.006860209247393295,0.08800151978792037,0.06459350746993425
Syria,CNRM-ESM2-1,179308414976.0,1.667439325404557,-0.11011837522683092,-9.346136219563544,-0.44052859716305176,-2.0028328668550124,-0.3426335448552503
Taiwan,CNRM-ESM2-1,44560453632.0,8.68886160066937,0.004352996290471604,-5.885839217325813,-0.24103756854475508,-1.0517775532324127,-0.19146636525175845
Tajikistan,CNRM-ESM2-1,133375248384.0,1.3570133868680996,0.10954110793688764,6.408696792719117,0.042755252892893045,0.8348452600126127,0.053214800069685125
Tanzania,CNRM-ESM2-1,894579464192.0,4.809990199608003,-0.055354286431011694,-7.911902767607455,-0.2080515728403553,-1.0000026023789899,-0.15483735737283053
Thailand,CNRM-ESM2-1,562835632128.0,7.536321043199148,-0.1282032802256471,-9.898029811732556,-0.38388647428978895,-1.6236978123870087,-0.20587240863866474
Togo,CNRM-ESM2-1,72392775680.0,6.679810643521893,-0.12164259158614432,-9.863178688946077,-0.370031853683448,-1.365587133282266,-0.16583815376705982
Tunisia,CNRM-ESM2-1,161879021568.0,1.4341138242156304,-0.2218945132148639,-13.995178961410986,-0.5471970758817514,-3.6751665574918206,-0.4983968012402379
Turkey,CNRM-ESM2-1,757145997312.0,3.43009497756299,-0.031353925678581425,-6.5045819385437555,-0.21513478697178384,-1.3838075486402042,-0.13280441490878186
Turkmenistan,CNRM-ESM2-1,416843298816.0,0.5161719007746749,0.07533987581166823,-4.743608477555366,-0.11671618161410416,-0.131839173810647,0.02036960870435852
Uganda,CNRM-ESM2-1,219023800320.0,1.977209059812002,-0.029244657256215674,-6.686933159866367,-0.09409026844545734,0.11126154491520253,0.13864792312555405
Ukraine,CNRM-ESM2-1,605762603008.0,3.285246554459984,0.05828301490199147,-3.117330633296169,-0.008324785334977845,0.08081677590971922,0.05757349284620134
United Kingdom,CNRM-ESM2-1,201560967168.0,4.640492251319379,0.04310263579416234,-1.9136136102576182,-0.08445478841135078,0.005049005010380985,-0.015417649432055064
United States of America,CNRM-ESM2-1,9080353786880.0,4.496908162951017,0.019906262624682577,-3.434845969146708,-0.13703579437031674,-0.04785943950345502,-0.03891103476363804
Uruguay,CNRM-ESM2-1,204418775040.0,6.524934091935966,-0.11902642312555502,-4.87180561916537,-0.17152772308433437,-0.7044751606207503,-0.13186431391451442
Uzbekistan,CNRM-ESM2-1,473008822272.0,0.7132697112251238,0.116806974855663,-2.1923971636486566,-0.15531420351422603,0.31652169117663426,-0.008669289478398267
Venezuela,CNRM-ESM2-1,869093203968.0,6.711537742987968,-0.11860340795792487,-10.92104795465125,-0.44162971141218865,-1.597628774165964,-0.2516383346990012
Vietnam,CNRM-ESM2-1,325657915392.0,9.14353250146283,-0.0990835948786099,-7.952570521797155,-0.32636651900960706,-1.4185093432835942,-0.24557526168206378
Yemen,CNRM-ESM2-1,421892397056.0,0.31069988847679214,-0.11562231059685761,-12.598899997061123,-0.4033727827839977,-1.9328873228039876,-0.2906469322216892
Zambia,CNRM-ESM2-1,756457379840.0,4.024613442743638,-0.2368247410085963,-10.745943617335259,-0.41281892196427433,-2.356090551311994,-0.3077787762295234
Zimbabwe,CNRM-ESM2-1,391529629696.0,4.196485557700904,-0.3679508267032828,-11.66223188534595,-0.57927413618108,-2.7865525347943096,-0.5422809835433107
Afghanistan,MIROC-ES2L,641668456448.0,0.3986595155124523,0.12929895347556597,-1.6807087406624235,-0.004046864837104949,-0.6325218550686889,0.028785267567125652
Albania,MIROC-ES2L,73806921728.0,5.484658059542171,0.08053924204868079,-1.5131889066083972,0.020819090359758305,-0.794634052221357,0.040180584865319044
Angola,MIROC-ES2L,1138825396224.0,7.563199962741872,-0.0026719199237530745,-1.6503542330911858,-0.03214509508153613,-0.7989899303107835,-0.015410489959683069
Argentina,MIROC-ES2L,2730473201664.0,1.9045762854860195,0.0052954550291156735,-0.9045042802908093,0.03345375173361801,-0.31173765170162665,0.035898102898841655
Armenia,MIROC-ES2L,73806921728.0,5.401091334402337,-0.11218902856669853,-0.9228802018195249,-0.17907316676623303,-0.7512746929695958,-0.17899629780120807
Australia,MIROC-ES2L,7398472843264.0,1.7149430083864519,-0.08721004566394956,-2.289019435460016,-0.06784299970116672,-1.0493701168025007,-0.04793926616217202
Bangladesh,MIROC-ES2L,88816099328.0,4.2435786433110705,-0.02985584182407545,-1.70334394612583,-0.02595496764317946,-0.8343146246267383,-0.012490432215440453
Belarus,MIROC-ES2L,173116518400.0,4.585421830005244,0.03991413529208286,1.8994000671530542,0.05722441034835831,0.3878360669085217,0.055625389670038966
Benin,MIROC-ES2L,95605850112.0,5.3010512097800175,-0.12565928176731844,-2.9132280951401484,-0.215528124404765,-0.6845483226647331,-0.1881923637344858
Bolivia,MIROC-ES2L,1020022489088.0,6.889963792419497,-0.036629676603162624,-1.9362130952979901,-0.06733468466654094,-0.7402530325217226,-0.046234739913583664
Botswana,MIROC-ES2L,543235309568.0,5.74617157780004,-0.027858554140597114,-2.265512038287657,-0.062439098335700986,-1.0590398758942743,-0.05475069482294809
Brazil,MIROC-ES2L,8486311444480.0,7.223690666157603,-0.023900806963303357,-2.5190508128059617,-0.05022615313970851,-1.0532999685365536,-0.02926007416813388
Bulgaria,MIROC-ES2L,70654050304.0,5.020113359309574,0.03160020191809138,-0.08985812520579176,0.47839343086141695,-0.005562228569021526,0.49229222648203774
Burkina Faso,MIROC-ES2L,284988178432.0,3.9746196311296313,-0.2987167628151564,-2.887231012922718,-0.12081955088005839,-0.1647671997163595,-0.08524825361254046
Cambodia,MIROC-ES2L,189382328320.0,5.714354715652165,-0.05776946350410289,-1.4441290744179578,-0.07724300034461586,-0.22418520632361436,-0.05863130231269374
Cameroon,MIROC-ES2L,289800355840.0,8.404597017803072,-0.011214053395014589,-1.716439084676619,-0.042474324441004706,-0.8470065067991843,-0.024932174483347887
Canada,MIROC-ES2L,9332907823104.0,2.6433404437334547,0.08117108271365996,4.753593322979253,0.07207368939757106,0.7723329999030574,0.06695441561640558
Central African Rep.,MIROC-ES2L,577534205952.0,9.65715481697288,-0.05882759542033974,-2.0057023491830894,-0.08049282395263711,-0.9366310387170518,-0.05752561422635663
Chad,MIROC-ES2L,1214649344000.0,1.587168808795959,-0.10076292970162556,-1.7467569075666838,-0.17700031097045854,-0.011518062872881353,-0.10282709157828934
Chile,MIROC-ES2L,747490045952.0,2.6363962814032975,-0.04758175368934795,-0.728284294015735,-0.005372799037719847,-0.5439907549121207,-0.010928287602117549
China,MIROC-ES2L,9498818863104.0,2.7949810215188484,0.059672235093870235,1.2514563495257156,0.010737899881223083,0.09665155370583606,0.0075074176886039835
Colombia,MIROC-ES2L,1160353226752.0,5.611630413089236,-0.010798800667338225,-1.716644701001407,-0.04701016866303453,-0.7961836510851159,-0.02988768035239503
Congo,MIROC-ES2L,193736622080.0,7.46835244820483,0.0011199291384106397,-1.6117829297882693,-0.05254319890597348,-0.6929138633722027,-0.03507289538166834
Costa Rica,MIROC-ES2L,95605850112.0,10.067690959486136,-0.05454775988870183,-3.2046301441042058,-0.10962387537791382,-1.00260588226685,-0.09800267120992187
Croatia,MIROC-ES2L,67333591040.0,4.348240836368897,0.010334030217632625,0.5544672981990217,0.12187328627090294,0.07500019378903977,0.12601456028692481
Czechia,MIROC-ES2L,127706865664.0,4.130770238663395,0.05452875513427551,0.9565247281613677,0.0853722958467442,0.18033182465741293,0.08708597458638469
Côte d'Ivoire,MIROC-ES2L,191899615232.0,7.068638883681592,-0.024293527893203,-2.3279174434407217,-0.07072322938212244,-0.8277602220666378,-0.04641825203791198
Dem. Rep. Congo,MIROC-ES2L,2415622209536.0,8.74755483005084,-0.01102523631284166,-1.8138975389945196,-0.042562583032823134,-0.9074872652152215,-0.02597683522808691
Ecuador,MIROC-ES2L,290719948800.0,5.290521196238966,-0.02962323337771258,-1.4685047120346078,-0.0448416949641948,-0.7446355109601359,-0.03519487602522034
Eq. Guinea,MIROC-ES2L,96983326720.0,8.007485347949142,-0.012645034008218125,-1.6438618076657032,-0.061367564795416094,-0.596299998075775,-0.04296934868424783
Ethiopia,MIROC-ES2L,1052819398656.0,4.357918932120436,-0.02470235324099744,-2.042034030312562,-0.06805747885007601,-0.9564406747832018,-0.04694321945622999
Finland,MIROC-ES2L,329154781184.0,2.114370570839627,0.12673377463185145,4.705279735308468,0.06539697162782795,0.8750019799314539,0.07113497089575954
France,MIROC-ES2L,631622467584.0,5.319594299423101,0.07352906647819281,-0.5045530904503212,0.041173558719192,-0.2218140221262904,0.05009227223286604
Gabon,MIROC-ES2L,290949980160.0,6.886633266438777,-0.011683277206203,-1.6183323285872577,-0.06172410511560275,-0.7875120100199942,-0.04304241428052699
Germany,MIROC-ES2L,308372303872.0,4.656121759571714,0.08357606691630003,0.8508789654358878,0.0321931571930905,0.12363059521725211,0.030129397354685193
Ghana,MIROC-ES2L,288193380352.0,6.981085126299574,-0.04778031819662086,-2.420995027982706,-0.08347434675134024,-0.6424982749175886,-0.057615106068994545
Greece,MIROC-ES2L,150591651840.0,8.246356718109391,-0.04012068376113762,-1.992862676433207,-0.019127930569618735,-1.0952846273087595,0.005010169518368912
Guatemala,MIROC-ES2L,93551886336.0,7.001505404008286,-0.09448660644528992,-3.7217362632071036,-0.13890829103714186,-1.1615791421927701,-0.1046475099444541
Guinea,MIROC-ES2L,95605850112.0,6.470273124140161,-0.02675754073987386,-2.2465043638388034,-0.08432615683702042,-0.9632732490336885,-0.05834148817618957
Guinea-Bissau,MIROC-ES2L,94691164160.0,4.6718825076502375,-0.9078918619559998,-4.456569729955351,-0.26823783625935027,-1.8341133341833802,-0.24606066188528136
Guyana,MIROC-ES2L,290030387200.0,8.621632526825211,-0.014322457076247285,-2.7871064060937623,-0.03530694565295837,-0.9538993923635175,-0.013010121853199476
Honduras,MIROC-ES2L,187103772672.0,6.958146306800273,-0.08881014873792774,-3.836846079428632,-0.17690847792736586,-1.7958801583025923,-0.17190485890283105
India,MIROC-ES2L,3034908557312.0,3.247940755588261,-0.012133750218438825,-2.191381818622876,-0.04149480892583783,-0.9221737422864784,-0.01718962660957558
Indonesia,MIROC-ES2L,1742021509120.0,6.440759560836078,0.0008794325514411601,-1.7354103603811364,-0.03606089577081972,-0.7822544295661491,-0.019508028299949076
Ireland,MIROC-ES2L,56447352832.0,1.7034964563659596,0.06820250113873243,0.21486265596896212,0.0733930135665775,-0.05674006875039668,0.07152753107684143
Italy,MIROC-ES2L,352935075840.0,5.637072086695038,0.028354685541288515,-0.7033976875396999,0.02344269313481867,-0.3849680839720433,0.032095683430488645
Japan,MIROC-ES2L,386180046848.0,4.06727739297908,0.04491052836518628,-0.43560949322634906,-0.001827970746432453,-0.23757871603027464,0.00713558423412946
Kazakhstan,MIROC-ES2L,2592989257728.0,0.2969370617653679,0.04395884523081869,1.8315224377512453,0.10891742111857285,0.47809347665488666,0.11754068853801056
Kenya,MIROC-ES2L,581439897600.0,1.4320983042449913,-0.020782787371819957,-2.908713457324187,-0.22398456656257223,-1.3509239817729148,-0.19209774884749647
Kyrgyzstan,MIROC-ES2L,147613843456.0,2.7912639557195256,0.15647791793947838,1.6943734735617673,-0.06693596217320226,0.25672242333357087,-0.05289600320351079
Laos,MIROC-ES2L,366964301824.0,7.159637946251864,0.01376979715786494,-1.1370391123233194,-0.027953807521944894,-0.4591674392015971,-0.010613582782936955
Latvia,MIROC-ES2L,105078022144.0,5.082856621920843,0.08990069164123919,2.298320998140472,0.10242010774622641,0.7908323503866981,0.11574350535797712
Lesotho,MIROC-ES2L,84599332864.0,4.1234649386730045,0.016683374389091954,-1.0390178916089732,-0.0985663657606148,-0.4388793463054539,-0.0913289107245028
Liberia,MIROC-ES2L,192587530240.0,7.594994670324958,0.0035468682585571504,-1.9319095218952382,-0.05665673047783423,-0.6888604410617658,-0.0361308533330183
Lithuania,MIROC-ES2L,56447352832.0,5.0089953322410725,0.047941717144812185,1.8566157488890556,0.02444134612447777,0.45682285874251705,0.012480639656875379
Madagascar,MIROC-ES2L,547971096576.0,7.30899034125302,-0.03628069826908211,-2.1398520473282954,-0.05164092568285633,-0.9150858553106018,-0.029585855286720884
Malawi,MIROC-ES2L,190297014272.0,6.666358782093314,-0.0027370553018017524,-1.7714793026259947,-0.062040997254805746,-0.8779342062097055,-0.037120712728003796
Malaysia,MIROC-ES2L,193506590720.0,6.369066467910773,-0.021686383526856864,-1.5312177042224675,-0.05962621013490714,-0.8515647123953325,-0.04766016271144087
Mali,MIROC-ES2L,1574796271616.0,1.021869773092916,-0.6867226958915427,-4.314303975341188,-0.22335779450721635,-0.5444341191565556,-0.17106787341703691
Mexico,MIROC-ES2L,1951224471552.0,4.884608739458723,-0.039248098649895945,-2.7835951172811058,-0.09094503490319125,-1.2956955456541799,-0.06190863892010033
Moldova,MIROC-ES2L,67333591040.0,2.8412502423151347,0.09406526870202993,-0.5202734609280795,-0.30235025951594596,-0.5111381613527739,-0.2722114935209168
Mongolia,MIROC-ES2L,1658028711936.0,1.1645535988196425,0.03953498651488649,3.535852194010253,0.022456603661722255,0.7585479740602241,0.02677323191372151
Morocco,MIROC-ES2L,579138314240.0,1.7261722399328783,-0.097881307032804,-4.519109591151661,-0.1672026907780134,-1.6227047191013764,-0.13193157904126496
Mozambique,MIROC-ES2L,927398223872.0,6.988657686811967,-0.03818962859280213,-2.3004917470611255,-0.06034563855183545,-1.0294712594856348,-0.037025516651172014
Myanmar,MIROC-ES2L,903519870976.0,6.28471950496778,0.012661138959079193,-1.2170261557227933,-0.03146552773376262,-0.5178017800658665,-0.017480863170781173
Namibia,MIROC-ES2L,899658211328.0,2.1934435764725415,0.00016369364799060572,-2.0864068220539655,-0.10450458591516398,-1.0193010785695837,-0.07904597596496804
Nepal,MIROC-ES2L,171410006016.0,4.6005872709994335,0.024928926817438,-0.13664197216993507,0.022831604208892096,-0.1214106682316764,0.02956585506000304
Netherlands,MIROC-ES2L,60221812736.0,3.2399689650444747,0.07455996720713243,0.5050691386885438,0.010134553026349195,0.05922565008592583,0.012690853373316944
New Zealand,MIROC-ES2L,137987641344.0,2.184364944187406,0.11521201279733496,0.2034593148622043,0.018501427819258877,-0.000351692533835171,0.01821005148912522
Nicaragua,MIROC-ES2L,189382328320.0,7.549551951189655,-0.09239818077770198,-3.3862658447707696,-0.12324243009076695,-1.1926889204407196,-0.1031120787158556
Niger,MIROC-ES2L,1109494071296.0,0.12368677473256999,-0.7227853699230953,-0.86040818397752,-0.018856246509887556,0.2104895729279714,0.04118803367923034
Nigeria,MIROC-ES2L,1050757267456.0,4.384328135567917,-0.08013463063776063,-2.345383006149825,-0.08746412474446216,-0.5945149441178269,-0.0562950976963322
North Korea,MIROC-ES2L,73806921728.0,5.10300281712374,0.09698987294451038,0.9065448772430005,0.02208975389200924,0.042692346490331656,0.011184824301642946
Norway,MIROC-ES2L,327202365440.0,1.7918716054285502,0.04870638708711049,3.2274690995244364,0.08636986574302478,0.6778425678057294,0.08537644197990331
Pakistan,MIROC-ES2L,835554213888.0,0.12799457503938005,0.20278091337746387,-3.490354057734671,-0.4197811878298075,-1.5499705307555827,-0.3713187059934262
Papua New Guinea,MIROC-ES2L,384946675712.0,5.890500306917393,-0.014888009740026877,-1.5902502066463764,-0.04083227316968232,-0.7521940106839955,-0.025548280356005447
Paraguay,MIROC-ES2L,445664591872.0,4.601422059189221,-0.2598618124000452,-2.62229360232379,-0.1134234025243992,-0.4488872721025038,-0.08417668528776094
Peru,MIROC-ES2L,1237427077120.0,5.403740808654592,0.018227622522320342,-1.378360447769603,-0.02930801002164874,-0.6907475037341353,-0.020508158472162405
Philippines,MIROC-ES2L,280433745920.0,5.175840376236449,0.012224420086120092,-1.9168834827699428,-0.06083448625997593,-0.5344635854393438,-0.03651020071034654
Poland,MIROC-ES2L,293560143872.0,4.384061719225745,0.048344584438739326,1.2794864752082018,0.04476584309644867,0.43798560431979994,0.04685714646316753
Portugal,MIROC-ES2L,73806921728.0,9.78897818167582,0.0015369929955593345,-1.5454465911909774,-0.015587584310428098,-0.9164636746521373,-0.02750609054524515
Romania,MIROC-ES2L,134667182080.0,5.816336872575969,0.03388668380973709,0.4624747887786754,0.08763945600009716,0.06275093996162309,0.1023093865824198
Russia,MIROC-ES2L,16686039803904.0,2.4986153573266754,0.10477228706517527,5.988979067861719,0.1213070398523893,0.9680753578230972,0.12002841636521608
S. Sudan,MIROC-ES2L,673599586304.0,8.255015397012112,-0.04890468849405313,-2.1819757581372987,-0.07581513842633567,-1.0306888988575684,-0.05342191250843217
Senegal,MIROC-ES2L,93551886336.0,0.4172807704931315,-0.5795381011282738,-5.046772841348613,-0.4065975783106355,-1.0795198029239428,-0.3672595550586858
Serbia,MIROC-ES2L,208641691648.0,4.470337798281349,0.04723928498924446,-0.09448550191256204,0.012335223124452739,-0.14315284502377354,0.022740426553489478
Sierra Leone,MIROC-ES2L,95605850112.0,8.284242959170466,-0.027295087171796375,-2.415032198991719,-0.10359769303178747,-1.1171040665798475,-0.0788646254662772
Slovakia,MIROC-ES2L,63853432832.0,3.7179410760979543,0.035572374169311846,0.9625064156782431,0.08949133610290418,0.2027552204642547,0.08951039220005005
Slovenia,MIROC-ES2L,67333591040.0,3.543834715449674,0.03757785559660144,0.5006931772803648,0.08457290716500043,0.0314469766467444,0.08847400163326666
South Africa,MIROC-ES2L,1105210933248.0,2.9978807594176176,-0.015961371014687826,-1.5204786899058809,-0.0959607294222884,-0.6900900107455237,-0.08288666172853687
Spain,MIROC-ES2L,516298326016.0,6.596243728717917,-0.005836367473879601,-1.6947144480680576,-0.04605174911783823,-0.9641766512524714,-0.05165455832155434
Sudan,MIROC-ES2L,1952882843648.0,1.0043780265038083,-0.24412861040105266,-1.761212653743747,-0.16383845977424272,-0.1212527897909805,-0.08484445793872458
Suriname,MIROC-ES2L,96753295360.0,8.200048166637373,0.02484908942054376,-3.3706426366380335,-0.04168697116366689,-1.2158680867695595,-0.028190195763378716
Sweden,MIROC-ES2L,389989806080.0,3.352046176974503,0.06576508049171542,2.9473426264843097,0.1013961457668097,0.677610101028209,0.10473446725393165
Taiwan,MIROC-ES2L,88816099328.0,6.876956732376445,0.03479093977756181,-1.8711216719747517,-0.09660371972728915,-0.7563748564573514,-0.07512464820100416
Tajikistan,MIROC-ES2L,150591651840.0,0.6569965038138615,0.31342738406198745,1.4682455838033224,-0.13523399726743363,0.07459992313806173,-0.11293199741374048
Tanzania,MIROC-ES2L,1060613300224.0,4.46192226259201,-0.026972665283724266,-2.1024796960753784,-0.04986071276359252,-0.9354090614314032,-0.0296901892997762
Thailand,MIROC-ES2L,371485163520.0,5.232516256515934,0.010366319954608462,-1.011836160015584,-0.009904914405059003,-0.28642189349257685,0.007869137724630888
Turkey,MIROC-ES2L,752958259200.0,3.502439082747106,-0.055623115811917846,-1.1457575040745347,0.008590804287251192,-0.6571608949239935,0.007794996030253461
Uganda,MIROC-ES2L,193966653440.0,7.3782724606724495,0.010200255875603484,-1.7566575728574882,-0.10977632656066906,-0.9351628646101198,-0.09442223894498573
Ukraine,MIROC-ES2L,627639468032.0,2.8067067629303115,0.025037149565275075,0.8040815609319595,0.015851415890678653,0.07015133145388344,0.02124705210307542
United Kingdom,MIROC-ES2L,169208176640.0,2.6396086979910627,0.06650088732195046,0.40544510770038233,0.06888068294589912,0.05187420712061125,0.07143669697951133
United States of America,MIROC-ES2L,9347422392320.0,3.5584428112763553,0.016924769245887743,0.2521214483948268,-0.005321479746178986,-0.08465562553446165,-0.0002920350520276879
Uruguay,MIROC-ES2L,161767768064.0,2.9534616276992547,0.01851089688077231,-0.005306856355308646,0.019021716528501268,0.21371597164663345,0.02749386874800662
Uzbekistan,MIROC-ES2L,507014774784.0,0.21577151374670683,0.18928189993944827,-0.4175503315124452,0.0007118975523810677,-0.09497780372806688,0.02280620043690448
Venezuela,MIROC-ES2L,1058088378368.0,6.789037116358197,-0.03814492723985306,-2.6654928001042117,-0.042292347489480304,-1.0173061550541267,-0.02012458347827245
Zambia,MIROC-ES2L,660335001600.0,7.612647209855584,-0.002548583308906329,-1.843186026253813,-0.03863322313275827,-0.7741987299925828,-0.02255264296533836
Zimbabwe,MIROC-ES2L,365603110912.0,6.570085870096831,-0.020552386610824397,-2.280878062867097,-0.02648251336695232,-0.9874156742673346,-0.011949731000917566
eSwatini,MIROC-ES2L,86810673152.0,6.764902477078209,-0.017884735724153254,-1.3034532379145307,-0.04559850923854377,-0.5117241539972875,-0.03517335856327257
