region_list,model_name,model_cumulative,burke_growth,burke_level,newell_growth,newell_level
Afghanistan,ACCESS-ESM1-5,7.795781584093042,-95.91048600424014,-18.186743474607013,0.998068478550429,-12.18877899111605
Algeria,ACCESS-ESM1-5,274.4422854145364,-99.99999999999596,-6.837378525037829,-52.733562521842686,-5.409781821905119
Angola,ACCESS-ESM1-5,-38.63686325984458,-99.99999999699473,-44.74040764244326,-22.34105483300511,-40.95236504843753
Argentina,ACCESS-ESM1-5,15.135226662512258,-99.6913097309749,-19.975726703443353,-8.104007284002273,-14.203637713301998
Armenia,ACCESS-ESM1-5,3.4088044580686594,-72.14130168654584,-10.857409598633316,-23.094129767434893,-9.442601064021572
Australia,ACCESS-ESM1-5,-34.29489796694297,-99.99999999997921,-32.006327345209776,-55.41612536872633,-27.245981641207003
Austria,ACCESS-ESM1-5,-3.7884769297297005,-93.54169921709322,-7.652779239120999,-51.524694723359104,-6.161021319774562
Azerbaijan,ACCESS-ESM1-5,12.234010078696178,-98.79558623210683,-9.416853237741417,-35.11522905910012,-1.6675741802078536
Bangladesh,ACCESS-ESM1-5,-23.49097735803276,-99.99999979114264,-32.08686679911901,43.77417722527396,-22.53364961627764
Belarus,ACCESS-ESM1-5,0.606330325132598,-81.12480633307374,-9.485619193445306,-1.242158740694621,-8.034227907533964
Belgium,ACCESS-ESM1-5,-3.1781816161028598,-99.15394359570449,-11.202549057927037,-50.837681500342086,-9.43934619048653
Benin,ACCESS-ESM1-5,-17.276270884946353,-99.99999999865449,-40.94657442299224,4.368656994546627,-23.987117004628452
Bhutan,ACCESS-ESM1-5,6.150486877742134,-88.99256147797804,-16.540105088066635,30.88479844510553,-5.2067579391943175
Bolivia,ACCESS-ESM1-5,-8.033658451815363,-99.99999887572764,-36.206712885265716,-24.561264787377752,-33.461715993358965
Bosnia and Herz.,ACCESS-ESM1-5,-18.305529530870846,-99.99390020025814,-21.247213642913344,-76.14066868890046,-14.808116905317025
Botswana,ACCESS-ESM1-5,36.5028726276372,-99.99999999983397,-16.725440527789104,-33.82610999848994,-11.935442668559066
Brazil,ACCESS-ESM1-5,-32.10180716860703,-99.99999999992113,-46.764777614161936,-47.240908410947085,-34.29945546330704
Bulgaria,ACCESS-ESM1-5,-25.603003876297226,-99.99765883651557,-26.79649275926136,-88.01439227885727,-20.952378464174426
Burkina Faso,ACCESS-ESM1-5,-44.6414529607377,-99.9999999999855,-48.285184912858234,-8.198721731688856,-24.483892839868567
Burundi,ACCESS-ESM1-5,-6.56216136542308,-99.99999987575711,-29.401537600893167,15.50048775944688,-27.070389203349997
Cambodia,ACCESS-ESM1-5,-9.796444691492901,-99.99999999934609,-33.404005555538696,-31.098218325897456,-18.47532364476131
Cameroon,ACCESS-ESM1-5,-7.441843174293727,-99.99999991698941,-38.29030202179213,14.185275415135889,-28.40527465635297
Canada,ACCESS-ESM1-5,27.825301652327994,93928562600.32771,48.32628086929447,176.27712751416016,24.120725571990363
Central African Rep.,ACCESS-ESM1-5,-20.860001345225378,-99.99999999355978,-41.038956869854296,2.829502910012316,-30.98375868841015
Chad,ACCESS-ESM1-5,-48.56001556090593,-99.99999978759402,-42.93937610938953,36.561022621927535,-26.678032970009713
Chile,ACCESS-ESM1-5,7.52776121885308,-99.56972404069776,-9.889170863890051,-70.40979141900803,-8.19543093767835
China,ACCESS-ESM1-5,2.689154589855325,575.5490993211824,-3.126951877423323,12.871861779086814,-2.8061137605486506
Colombia,ACCESS-ESM1-5,-12.389257709820267,-99.99999996062202,-39.84454381857844,-50.4068594495384,-33.838693324605885
Congo,ACCESS-ESM1-5,-21.220234511339655,-99.9999999821453,-41.74795386164355,-2.285718602910997,-33.67608240797732
Costa Rica,ACCESS-ESM1-5,-84.62110168987674,-100.0,-69.31232195368034,-91.14912266789545,-70.91242782587288
Croatia,ACCESS-ESM1-5,-15.5794128950555,-99.93800717870057,-19.881360767690094,-62.82012120688931,-17.83572469821378
Cuba,ACCESS-ESM1-5,-76.32889537483955,-99.99999999999993,-45.43769427357262,-62.26325987295007,-40.87320757293399
Czechia,ACCESS-ESM1-5,-7.762814649311411,-98.22271484916891,-8.054360969904417,-59.73360552103786,-7.84795554060484
Côte d'Ivoire,ACCESS-ESM1-5,-14.385794730730339,-99.99999999319071,-35.98297426479553,-3.0524623570077902,-26.62069337841782
Dem. Rep. Congo,ACCESS-ESM1-5,-14.564437166988075,-99.99999998186733,-36.904251859389525,6.104351382420625,-32.08044998657665
Denmark,ACCESS-ESM1-5,3.5323436502885164,-88.68088552200705,-8.598072275435808,-7.010994752707623,-7.695256186429573
Dominican Rep.,ACCESS-ESM1-5,-92.79916777114956,-100.0,-46.255202811564885,-68.96974498301037,-48.12128919672554
Ecuador,ACCESS-ESM1-5,-0.4773861471676799,-99.99999875178503,-29.774787335776953,-41.17337401679464,-29.666078487698577
El Salvador,ACCESS-ESM1-5,-87.96009776449208,-100.0,-56.08726473076153,-83.64634747281647,-53.58369546195413
Eq. Guinea,ACCESS-ESM1-5,-5.8754575619403,-99.99999939777985,-33.085014731459886,9.399121597536052,-22.070604120417663
Eritrea,ACCESS-ESM1-5,-59.086930147722306,-99.99999990973228,-44.23349712518084,6.120446207011443,-29.630265822703866
Estonia,ACCESS-ESM1-5,12.55647694318105,1599.1257802167706,-4.761770661729548,9.740707916839863,-2.8796232271283473
Ethiopia,ACCESS-ESM1-5,-11.54851486662447,-99.9999991381497,-34.86155866596926,7.212387533064857,-30.832847787408532
Finland,ACCESS-ESM1-5,44.23982493117249,8034440.399419714,14.785238220999531,189.00348377978708,15.193493974270211
France,ACCESS-ESM1-5,-23.680767435569706,-99.99985305225705,-16.219032706409763,-92.26003273542172,-12.838873155967534
Gabon,ACCESS-ESM1-5,-5.344446385856372,-99.9999999179953,-36.64552204425334,-0.4581961045240057,-29.64860008384929
Georgia,ACCESS-ESM1-5,1.6607676066421106,-86.75697244520273,-14.309059472884112,-28.433971973636673,-18.416334632000886
Germany,ACCESS-ESM1-5,-4.590924399222374,-97.55013721951639,-8.974201206905153,-49.13626011401735,-8.241433135813036
Ghana,ACCESS-ESM1-5,-10.019061525980133,-99.99999999751601,-38.16053658081023,2.598199242290977,-22.139480269700822
Greece,ACCESS-ESM1-5,-22.20783917894581,-99.99995623430388,-27.750503560933957,-90.00308836914974,-20.449985668803055
Guatemala,ACCESS-ESM1-5,-77.5310570344744,-100.0,-51.932350505476485,-75.43135099153724,-49.87234818714249
Guinea,ACCESS-ESM1-5,-41.541689591429034,-99.99999999997917,-44.10665621119897,-76.57024789172675,-37.874754758374806
Guinea-Bissau,ACCESS-ESM1-5,-64.25799492647421,-100.0,-59.972672396787004,-84.1031291676806,-57.68242543207019
Guyana,ACCESS-ESM1-5,-67.48458107025866,-99.99999999999999,-44.42770240697816,-84.15965718304129,-45.16009503490933
Honduras,ACCESS-ESM1-5,-93.79574636035078,-100.0,-48.120553184881906,-77.60699264706213,-51.15064853445775
Hungary,ACCESS-ESM1-5,-22.992079912106078,-99.97142933026325,-21.013917142704496,-63.53018488503847,-16.44507511285071
Iceland,ACCESS-ESM1-5,89.39804471706046,44704629.01735566,17.296964673926652,155.51984832610378,11.004139518302004
India,ACCESS-ESM1-5,-19.179862586641573,-99.99999689980312,-28.68693032934785,35.98742124135875,-22.51882128631003
Indonesia,ACCESS-ESM1-5,-5.825214281425106,-99.99999943202225,-27.64986051148879,-21.68242600553661,-20.29619158348566
Iran,ACCESS-ESM1-5,-4.987122521674603,-99.91003734077889,-6.96169223836659,25.277181456704934,1.172572783831094
Iraq,ACCESS-ESM1-5,-39.170839099517586,-99.99978928893289,-37.15103868551189,-1.60390562946377,-33.983750493141414
Ireland,ACCESS-ESM1-5,3.8140409500746486,-96.35854018141575,-6.514695522474678,-35.54840065181604,-5.263198326730373
Italy,ACCESS-ESM1-5,-13.440356097803496,-99.9982094849613,-19.054329122073664,-89.63185470940094,-14.307611309817581
Japan,ACCESS-ESM1-5,8.652204746822312,-99.84912397575444,-16.031862334374548,-49.57843109280988,-15.082232684289494
Kazakhstan,ACCESS-ESM1-5,28.30154384537742,1371.561293480392,-0.30127701142688146,34.83101697569215,7.404052329962485
Kenya,ACCESS-ESM1-5,-29.73071658431885,-99.99986924393275,-42.392450460570764,1.3749217174530926,-35.65260753257245
Kosovo,ACCESS-ESM1-5,-14.42806778143295,-99.99806109264252,-18.34329957903581,-91.83392943604275,-12.813598384767694
Kyrgyzstan,ACCESS-ESM1-5,16.640495276833178,8982.74108092601,5.425422651440548,8.209052982601994,0.9090429978062753
Laos,ACCESS-ESM1-5,-26.05534645344816,-99.99999999880343,-44.382736780089004,-70.95971643944605,-38.87339971094947
Latvia,ACCESS-ESM1-5,8.084653487269122,312.32347364636024,-5.7761593653078425,-0.31594538669847405,-5.686432114177226
Lebanon,ACCESS-ESM1-5,-81.69097370590873,-99.99999968457678,-47.029745899583034,-91.80043800619762,-44.60465507899354
Lesotho,ACCESS-ESM1-5,-0.6864775730003658,-99.98587128055316,-15.168419523593135,-39.05968693180952,-10.855698250782208
Liberia,ACCESS-ESM1-5,2.3477214263060153,-99.99999938667055,-28.124749265999572,-0.5942813135592917,-18.39789137253619
Lithuania,ACCESS-ESM1-5,4.503315505593242,-5.159945106445352,-6.011561043362679,6.275192151498188,-1.988941937273081
Madagascar,ACCESS-ESM1-5,-19.274106748980245,-99.99999974604391,-28.519223670996563,-58.32992025452259,-24.116665322725154
Malawi,ACCESS-ESM1-5,0.46488713947001603,-99.99999995282354,-27.757700939806675,-44.27178175528953,-21.652363495846856
Malaysia,ACCESS-ESM1-5,-9.685343249431988,-99.99999971923074,-27.271113700524452,-16.10553034503009,-17.10599237754247
Mali,ACCESS-ESM1-5,-56.64039933082153,-100.0,-54.415087335530075,-66.43897537289502,-34.217883621393185
Mexico,ACCESS-ESM1-5,-13.73730175653678,-99.99999973604517,-31.645791860981454,-75.15014754460032,-28.37696791029461
Moldova,ACCESS-ESM1-5,-5.743329789189977,-99.94961122696121,-15.487905918416278,-77.53311718270655,-9.314966162569625
Mongolia,ACCESS-ESM1-5,21.61280746471097,50008944.64901191,24.791216240138958,214.6869417920443,16.304042202423485
Mozambique,ACCESS-ESM1-5,4.964764274866629,-99.99999999812087,-30.907967389638213,-54.5931753638673,-17.71150747415728
Myanmar,ACCESS-ESM1-5,-15.453196081573273,-99.9999995595599,-34.337652227883964,9.748401813312203,-28.973551930932373
Namibia,ACCESS-ESM1-5,-20.78623187050933,-99.99999999944562,-35.00685351312526,-61.34490217079065,-34.93289508350347
Nepal,ACCESS-ESM1-5,-18.41408184782133,-99.72831255510317,-17.946718059291968,-4.138535282795086,-6.961602216956869
Netherlands,ACCESS-ESM1-5,-2.387591685084922,-98.34932457204543,-12.016699521273155,-43.39895678714913,-10.189885093890211
New Zealand,ACCESS-ESM1-5,6.512833672144569,-90.01736796077941,-6.71413576422808,-7.978517742850733,-2.1564868829453356
Nicaragua,ACCESS-ESM1-5,-96.1884998671675,-100.0,-65.18149003547697,-86.34371756838993,-67.18388454780036
Niger,ACCESS-ESM1-5,-44.31161388661488,-99.38720368558536,-24.326255892581038,553.7471135633255,-18.959319773548266
Nigeria,ACCESS-ESM1-5,-20.336376688097456,-99.99999998561965,-41.26462734772199,16.30878620605271,-27.91819792552318
North Korea,ACCESS-ESM1-5,10.271025172861957,222.80268894486164,0.17808316837193416,45.259968270827216,12.768236984061732
North Macedonia,ACCESS-ESM1-5,-16.09782291723493,-99.99936867178427,-22.721883364957172,-91.14066147434173,-15.994922544079248
Norway,ACCESS-ESM1-5,34.41236030026402,703934152.4564924,21.60499840231498,334.35331380204263,14.340652742308613
Pakistan,ACCESS-ESM1-5,-3.2421717409997886,-99.9792500191711,-25.079328711127925,-7.458829181761867,-14.596647680342967
Panama,ACCESS-ESM1-5,-17.609398236453146,-99.99999999175961,-46.28935308012837,-95.48649249989973,-54.20811052997642
Papua New Guinea,ACCESS-ESM1-5,5.110434526784635,-99.99999783907506,-27.633747342741554,-7.585853159078615,-24.20001668261062
Paraguay,ACCESS-ESM1-5,-32.260199314983204,-99.99999751560745,-42.79503985443952,6.050675426349161,-39.104958722825785
Peru,ACCESS-ESM1-5,-0.5896540435292752,-99.999996748644,-32.34847030352154,-8.69222932186886,-28.58664856197136
Philippines,ACCESS-ESM1-5,-15.736094707123893,-99.99999806968461,-19.923676594464045,4.138157800137776,-3.2840988596253173
Poland,ACCESS-ESM1-5,0.0776185007313801,-98.62276638994446,-10.752525737228192,-58.460907865163094,-10.361524240947663
Portugal,ACCESS-ESM1-5,4.507460841448063,-99.9999992234229,-14.776486361828523,-89.28118761285674,-10.240361558853994
Romania,ACCESS-ESM1-5,-12.364916272240823,-99.97068613957512,-20.541666743547925,-83.79993641360744,-15.145195217831592
Russia,ACCESS-ESM1-5,32.18544911968249,260860379366.4338,34.99770887430667,339.4183073187313,22.383949838186155
S. Sudan,ACCESS-ESM1-5,-45.55806352913171,-99.99999999760038,-43.514438822453194,-4.704194054673455,-33.01771422993285
Senegal,ACCESS-ESM1-5,-72.86924579363901,-100.0,-60.1022200775559,-87.50915303813352,-48.51923936972527
Serbia,ACCESS-ESM1-5,-29.305990701946705,-99.99229509449663,-22.311752801805472,-88.6607065550185,-19.388886389705213
Sierra Leone,ACCESS-ESM1-5,-9.410679093363006,-99.99999997664037,-32.99700794912227,-31.278777147411553,-24.79075998191822
Slovakia,ACCESS-ESM1-5,-13.173861649382312,-99.17679618435294,-14.973612040770679,-50.97861244149547,-13.284136073189444
Slovenia,ACCESS-ESM1-5,-7.864989109024756,-99.30122632029308,-14.20404657214156,-55.18219712904947,-8.762244903035748
Somalia,ACCESS-ESM1-5,-29.5376167492591,-99.99999354768342,-36.35095194090297,10.367138160423561,-20.79233560299501
Somaliland,ACCESS-ESM1-5,-42.106652046543346,-99.9999961917228,-34.27659111113302,10.649412124636438,-29.262883899615105
South Africa,ACCESS-ESM1-5,22.13794576089083,-99.99980882064304,-15.164491699644412,-9.747028883978976,-10.260863105731431
South Korea,ACCESS-ESM1-5,1.530097691342469,-99.27561540161265,-17.225713729557114,-38.404953606584726,-14.722976771480129
Spain,ACCESS-ESM1-5,14.78811929287367,-99.99999949326667,-1.052756325183113,-90.22261825046253,2.2663009541293633
Sri Lanka,ACCESS-ESM1-5,-15.803198266753382,-99.99999949389793,-35.09674197260232,45.267648186963754,-20.632977879648443
Sudan,ACCESS-ESM1-5,-54.95159793188809,-99.99999999847428,-47.62180537020164,2.76617125981945,-40.68558690925844
Suriname,ACCESS-ESM1-5,-62.82699691581504,-100.0,-56.14543663551248,-78.00371033054732,-53.26517036656665
Sweden,ACCESS-ESM1-5,34.23197900810546,669660.8173008342,6.874789548581761,95.59803452472539,7.233262630314852
Switzerland,ACCESS-ESM1-5,-3.808390421707708,-94.09862156647418,-7.453966705400672,-52.69996660254611,-8.7539167872076
Syria,ACCESS-ESM1-5,-43.16714182613974,-99.99999379778711,-43.49757080764076,-90.40692211126978,-34.09528161499938
Tajikistan,ACCESS-ESM1-5,0.2758845113902675,408565.9282430079,10.072017661894517,46.73229065754495,6.1486760888736836
Tanzania,ACCESS-ESM1-5,7.688453233413295,-99.99999812220129,-29.50782691714908,14.391167703544427,-25.556192236440964
Thailand,ACCESS-ESM1-5,-22.64453962159757,-99.99999999889098,-36.895707613073526,-37.837888751021296,-26.242334568066262
Turkey,ACCESS-ESM1-5,-12.881500596751538,-99.85310424889373,-22.029171030104244,-56.71119289389861,-16.767228151030096
Turkmenistan,ACCESS-ESM1-5,25.594696814070605,-98.84529777876533,-8.472849667377814,27.245926661463848,-3.6015165090599375
Uganda,ACCESS-ESM1-5,-9.895614561891852,-99.9999994959112,-29.48406086365487,3.943005328028948,-28.808871841850987
Ukraine,ACCESS-ESM1-5,-13.8683800092959,-99.67671718471209,-20.89019027999972,-59.18212366838091,-18.942547982628405
United Kingdom,ACCESS-ESM1-5,1.8618158354341219,-95.06010802128434,-7.703575354689274,-28.859997704842534,-5.150749524220666
United States of America,ACCESS-ESM1-5,-16.206131387749267,-98.02906004918519,-16.65786276039266,-8.632102033002791,-12.157452668821577
Uruguay,ACCESS-ESM1-5,21.293609780320644,-99.95587648608362,-21.452327601479038,19.82457707207155,-11.206768472669221
Uzbekistan,ACCESS-ESM1-5,-10.239514414664486,-91.1672543246926,-7.354414246131292,26.06651288390993,-1.3738888108748404
Venezuela,ACCESS-ESM1-5,-52.060832171351734,-99.99999999999952,-49.12085073396605,-80.3635504662788,-44.151411365174226
Vietnam,ACCESS-ESM1-5,-19.34121301172477,-99.99999982044243,-38.18576572693495,-46.49725338208633,-34.52156161171413
Zambia,ACCESS-ESM1-5,-2.614925729298312,-99.99999999038674,-26.648533268086716,-33.92102285255751,-22.346757112325626
Zimbabwe,ACCESS-ESM1-5,28.663730196612192,-99.999999998803,-11.220034965823633,-39.773360339329315,9.83150184282444
eSwatini,ACCESS-ESM1-5,6.236627597408062,-99.99996983304993,-20.92258236284398,16.054966927413872,-8.497179235492474
Afghanistan,CNRM-ESM2-1,-33.47370493437174,-99.99999845756157,-63.951850798574284,-70.583845059373,-54.665960802103825
Albania,CNRM-ESM2-1,-14.44481159725739,-99.99999999813186,-49.91868214256991,-98.92636548681513,-29.738530337616943
Algeria,CNRM-ESM2-1,-65.52479703030735,-100.0,-77.93366456267435,-99.9997230934087,-72.36242103649049
Angola,CNRM-ESM2-1,-31.551139519243556,-99.99999999999994,-59.29508756298338,-99.5925670951479,-42.41154431974701
Argentina,CNRM-ESM2-1,-21.638642739007263,-99.99999340577929,-39.820759080287914,-72.18573619770228,-27.034544805599843
Armenia,CNRM-ESM2-1,-31.399532651885607,-99.9999951217327,-49.92547856395839,-90.73909112873908,-34.18009650850135
Australia,CNRM-ESM2-1,-42.482535982586086,-100.0,-67.94127732831666,-99.90650435653895,-53.85953013565366
Austria,CNRM-ESM2-1,0.14998542301376538,-99.61110096438503,-27.656439764064487,25.189233058439676,-0.5122987169210003
Azerbaijan,CNRM-ESM2-1,8.393783407081568,-99.99999997668675,-55.25255245959553,-87.61889793981734,-40.3706889677509
Bangladesh,CNRM-ESM2-1,-25.212261936575697,-99.99999999748101,-66.12159215880679,-95.0400385382039,-36.525594281090896
Belarus,CNRM-ESM2-1,-18.37681819850229,-99.0539954579113,-29.376009203252316,48.9366389967449,-6.853199830095902
Belgium,CNRM-ESM2-1,-15.70359434769476,-99.9620637592464,-30.216236792459927,-5.203988130026871,-15.996215318446204
Belize,CNRM-ESM2-1,-4.509763488947193,-99.99999999999373,-43.08333474879016,-96.92344311275073,-13.469664362480382
Benin,CNRM-ESM2-1,-28.259727479061493,-99.99999999999991,-57.221011507146066,-82.93683803294414,-17.65850207312125
Bhutan,CNRM-ESM2-1,1.5747834101329516,-99.96538571467889,-35.37303996258506,-17.19605597766305,-18.1528812192305
Bolivia,CNRM-ESM2-1,-30.039254092969703,-99.99999999999311,-64.287476405671,-99.16461270776374,-56.91302449568825
Bosnia and Herz.,CNRM-ESM2-1,-32.325248933115816,-99.99999632079383,-43.34226074339001,-82.74149166950264,-22.215299771091296
Botswana,CNRM-ESM2-1,-48.1861495563086,-100.0,-76.10926810265568,-99.999730400452,-71.47006373939679
Brazil,CNRM-ESM2-1,-29.701661389075305,-99.99999999999997,-69.07209794563384,-98.85073470529593,-47.09338241643766
Bulgaria,CNRM-ESM2-1,-59.401396711318725,-99.99999996831305,-69.00912717848394,-98.13126710193026,-61.00899356516534
Burkina Faso,CNRM-ESM2-1,-13.15927637183345,-99.99999999999983,-57.467062048433924,2.176676419066359,-7.688814135718652
Burundi,CNRM-ESM2-1,-17.379781743732526,-99.99999990866904,-41.49852917081207,-88.5546833905012,-23.016503902260986
Cambodia,CNRM-ESM2-1,-35.07402547127837,-99.99999999999997,-69.13648550087281,-98.38952935349036,-44.02503954280502
Cameroon,CNRM-ESM2-1,-5.318393618226791,-99.9999999999583,-53.728489314726666,-96.57294525204344,-31.364632683203382
Canada,CNRM-ESM2-1,16.309893970229194,57882253.25113456,-3.9606643553746657,609.1392835330444,6.336554698268038
Central African Rep.,CNRM-ESM2-1,25.4867519522173,-99.99999999442792,-44.806397653508526,24.826742139849124,10.48386445485525
Chile,CNRM-ESM2-1,-0.4646037396721536,-99.99988448317224,-36.86705574853404,-84.63413210377792,-23.553775310776317
China,CNRM-ESM2-1,27.13782648746608,-76.356320017428,-17.1966722258584,43.03411396668311,11.374292251336303
Colombia,CNRM-ESM2-1,-15.354640256771024,-99.99999999999835,-64.33112990830712,-98.87167479411966,-45.53283824662164
Congo,CNRM-ESM2-1,-6.365937610342054,-99.99999999999348,-54.370216499562794,-96.76866865296464,-25.331070507651084
Costa Rica,CNRM-ESM2-1,11.01662863503876,-99.9999999998894,-54.82389248957868,-99.38663959866174,-42.91484015648
Croatia,CNRM-ESM2-1,17.880065725139627,-99.99998858589643,-31.82006341298802,-48.16159102640228,0.1919599366161151
Cuba,CNRM-ESM2-1,-46.266735913184846,-99.99999999994908,-61.3318379773666,-98.05663303560044,-41.88201929000114
Czechia,CNRM-ESM2-1,-36.61601179631933,-99.98145040523791,-34.91218130476991,-5.22167005164258,-11.22130611931944
Côte d'Ivoire,CNRM-ESM2-1,-25.74913388790494,-99.99999999999999,-61.27004341251438,-97.81045633281414,-32.6226631179605
Dem. Rep. Congo,CNRM-ESM2-1,-17.581762619724483,-99.9999999999192,-55.374147473191336,-77.35074174667524,-11.720583055762596
Denmark,CNRM-ESM2-1,-11.180951673540928,-97.62962629650967,-11.235658305108377,91.10582889324267,13.982337232191833
Dominican Rep.,CNRM-ESM2-1,-29.6309901581849,-99.99999999996959,-58.14687019211977,-99.45004994089221,-50.527340912293056
Ecuador,CNRM-ESM2-1,-22.403588216595704,-99.99999994629381,-56.729566264738175,-96.97770370734244,-47.05752296714731
El Salvador,CNRM-ESM2-1,-64.83620861560138,-100.0,-78.12490330531313,-99.50606614668581,-56.16946797447541
Eq. Guinea,CNRM-ESM2-1,-8.483088023888918,-99.99999999959024,-54.431904795549116,-96.07525926911634,-36.55114511450732
Eritrea,CNRM-ESM2-1,-31.84427946029529,-100.0,-51.84697594489284,-99.85428950020346,-4.736995648828269
Estonia,CNRM-ESM2-1,6.152567080136628,-58.64049924746577,-0.8703331071330256,250.10584941878932,39.38870071415311
Ethiopia,CNRM-ESM2-1,-24.59760895380727,-99.99999999999723,-56.14996323035039,-91.79970829040911,-31.89809356198753
Finland,CNRM-ESM2-1,17.387067071580198,8370.284124735148,-19.283118885763184,563.0331441297874,4.635507704375841
France,CNRM-ESM2-1,-2.477593397482636,-99.99993265280463,-33.772653147861895,-51.19519990976484,-14.757079245751541
Gabon,CNRM-ESM2-1,-3.686651381411621,-99.99999999977977,-53.80315462046832,-96.4497074786492,-33.08222993100972
Gambia,CNRM-ESM2-1,-24.374178698978067,-100.0,-62.88744946104268,-99.17463294337149,-19.814540301511357
Georgia,CNRM-ESM2-1,2.898605598496995,-99.99920343229824,-40.655752532423094,-59.30538757963875,-23.291314247323953
Germany,CNRM-ESM2-1,-3.7900426962283573,-99.90150613661409,-24.672363438781876,24.4714242819577,-1.9671789358912561
Ghana,CNRM-ESM2-1,-25.236828636409392,-99.99999999999999,-58.94792073337571,-97.33526646030728,-21.51749027112107
Greece,CNRM-ESM2-1,-50.617423708735096,-99.99999999998853,-65.11384598583794,-99.66774866797499,-59.384729951743935
Greenland,CNRM-ESM2-1,26.63338282365304,3.0748327458004407e+25,144.4538890600636,4872.175285517413,27.551971134062104
Guatemala,CNRM-ESM2-1,-22.305343857086836,-99.99999999985737,-57.52520738318228,-99.42803851023874,-50.03499271181874
Guinea,CNRM-ESM2-1,-17.900752428470813,-99.99999999999999,-59.7670479243505,-98.2278690224133,-30.50258818218036
Guyana,CNRM-ESM2-1,-9.698195198202797,-99.99999999999997,-61.078330502857355,-98.20891636005112,-34.261170517094804
Honduras,CNRM-ESM2-1,-1.0181488675645278,-99.99999999838596,-54.40521979374206,-96.8726262184282,-46.59785868449613
Hungary,CNRM-ESM2-1,11.683758944388888,-99.99980618473124,-33.352994952230056,-44.40347246915874,-5.258759123659279
Iceland,CNRM-ESM2-1,33.565797952254314,2343.8170334480083,-2.06429399043071,129.59239331899533,3.4348407567182604
India,CNRM-ESM2-1,-11.963461218156791,-99.99999999873411,-61.765889897807405,-87.02895541073937,-42.65428416188786
Indonesia,CNRM-ESM2-1,-5.936410106666012,-99.99999999862385,-57.084001253632664,-95.8616580125271,-37.79854436982565
Iran,CNRM-ESM2-1,-24.845155157222763,-99.9999999999979,-73.71207578972236,-98.73890577600895,-68.59775506922986
Iraq,CNRM-ESM2-1,-47.619729842808425,-100.0,-89.48635399210383,-99.97704527507375,-86.38970256528937
Ireland,CNRM-ESM2-1,3.826776987958258,-99.69373896038334,-17.376302442337742,-5.943375780282128,-4.720016937920923
Italy,CNRM-ESM2-1,-17.556895202996138,-99.9999947303639,-44.319555071100744,-82.76086679468716,-25.336181067459517
Japan,CNRM-ESM2-1,24.867321796053645,-99.99918091025617,-35.162526891533254,-36.87764065761401,-18.110682625960038
Jordan,CNRM-ESM2-1,-53.789696889832136,-100.0,-82.62579631821947,-99.99637586273165,-80.08126292269046
Kazakhstan,CNRM-ESM2-1,162.3410323602537,-99.94212614494066,-27.492832385641663,97.54899881818287,12.812388417161092
Kenya,CNRM-ESM2-1,-41.99982314134577,-99.99999999999994,-53.79256132998973,-99.14792048159129,-36.278066812051776
Kosovo,CNRM-ESM2-1,-45.20158745540409,-99.99999717488463,-53.28342100512333,-94.46823758281259,-42.42087505663993
Kyrgyzstan,CNRM-ESM2-1,-1.8675549882198328,153037.93951302514,-23.23069320472434,350.69981318687576,-15.574413276426707
Laos,CNRM-ESM2-1,-4.060299082805818,-99.99999999998627,-51.722993049790325,-99.44006236471796,-45.35140065234619
Latvia,CNRM-ESM2-1,-6.520435869469255,-76.52013720797915,-14.898298331157056,187.02882013371595,14.64690085680338
Lesotho,CNRM-ESM2-1,1.3310281386878842,-99.99999995190953,-47.86721954614476,-96.80484565999404,-34.89278960385862
Liberia,CNRM-ESM2-1,-19.195318878578504,-99.9999999999984,-58.03222250656075,-97.93657960865903,-36.1653366302536
Lithuania,CNRM-ESM2-1,-21.632543152499107,-91.18380951396936,-16.47864045071633,129.1809520844181,12.033043625638594
Madagascar,CNRM-ESM2-1,-38.924639590006926,-99.99999999999899,-59.589952959851054,-99.90079731780378,-53.759641006709444
Malawi,CNRM-ESM2-1,-27.821173010016263,-99.99999999999997,-48.220476211676164,-99.76042364333857,-36.44574462766868
Malaysia,CNRM-ESM2-1,2.460160761586594,-99.99999999960588,-55.46489150935301,-97.54781118395906,-36.29529822764448
Mali,CNRM-ESM2-1,-27.848471741032434,-100.0,-47.63271664823539,-67.2359754659604,5.109818676645444
Mauritania,CNRM-ESM2-1,68.98263401065734,-100.0,-28.789082056555316,-99.72540296252787,-9.13994773479772
Mexico,CNRM-ESM2-1,-25.930946629645835,-99.99999999998728,-52.655482405398566,-98.77660072237015,-46.58820773349932
Moldova,CNRM-ESM2-1,-42.78240064460766,-99.99999494716899,-54.805036048750885,-58.9706000546293,-39.98781408704328
Mongolia,CNRM-ESM2-1,11.327504995776527,187781.8746032566,4.360024990939371,597.17976159511,14.816787346375516
Montenegro,CNRM-ESM2-1,-36.049459266267924,-99.99999575531216,-48.29838656035118,-89.08034316956542,-33.246877766045756
Morocco,CNRM-ESM2-1,-60.81985727547734,-100.0,-74.66695060215994,-99.99858515583972,-73.7988455416921
Mozambique,CNRM-ESM2-1,-47.36096494623574,-100.0,-59.40407776114578,-99.72806071042089,-41.91451071706311
Myanmar,CNRM-ESM2-1,-9.781915774606109,-99.9999999996915,-53.68872574354433,-97.45354390251214,-42.42525372735702
Namibia,CNRM-ESM2-1,-11.428745378221805,-100.0,-55.96618907115653,-99.99973434195418,-49.368473837778225
Nepal,CNRM-ESM2-1,14.947780677807621,-99.20601755662737,-37.7935783652671,12.889214259351379,-18.235398623959767
Netherlands,CNRM-ESM2-1,-17.239035293556338,-99.68202817869849,-24.242492563487296,37.85088698692381,-7.363914679344208
New Zealand,CNRM-ESM2-1,1.8864348557390276,-99.72662378332514,-25.538632487530876,-19.058731751349377,-11.359872294477668
Nicaragua,CNRM-ESM2-1,0.1628338937818663,-99.99999999998748,-52.56980439344834,-98.45404558531705,-31.91434647047217
Nigeria,CNRM-ESM2-1,-1.7851048322009788,-99.99999999999532,-52.12712846043651,-61.62789882133832,-14.385599967195983
North Korea,CNRM-ESM2-1,21.468519118917406,-99.61207306740825,-23.090026294798804,17.594094333042356,-0.8069418643725901
North Macedonia,CNRM-ESM2-1,-42.22900655017441,-99.9999999660184,-57.74001252217904,-96.68142533870395,-44.5325898677777
Norway,CNRM-ESM2-1,25.306104877069878,135860.09553739766,-7.469630188246423,472.68042182049464,4.342721673070593
Pakistan,CNRM-ESM2-1,-17.514572919666204,-99.99935796811896,-53.185295816068965,-68.42324207711192,-43.83488874829157
Palestine,CNRM-ESM2-1,-52.680453047608864,-100.0,-73.29810820778795,-99.99868886215839,-69.54875992392226
Papua New Guinea,CNRM-ESM2-1,-5.179033874495653,-99.99999996114747,-46.0084436116584,-94.26847639451788,-37.53635972351047
Paraguay,CNRM-ESM2-1,-37.806837211681255,-99.99999999999594,-60.407272370663364,-98.15737907228066,-44.09006054241863
Peru,CNRM-ESM2-1,-15.426437362078072,-99.99999998814849,-54.899576433897,-96.07273666988107,-44.555613319827906
Philippines,CNRM-ESM2-1,-4.047365875972309,-99.9999999995253,-46.752660360173046,-98.527985837926,-32.512132746818374
Poland,CNRM-ESM2-1,-10.255958067154925,-99.9050290836903,-26.704633381877628,30.53893026863913,-0.6209575239124021
Portugal,CNRM-ESM2-1,-9.786726664405387,-99.99999998689843,-46.58088385021052,-98.36275899228458,-34.748817396052246
Romania,CNRM-ESM2-1,-44.810555097332546,-99.99999964375264,-58.44741894373192,-94.78297547188241,-45.18189054755891
Russia,CNRM-ESM2-1,27.414142695526223,766683366.0455906,5.6208791900370425,757.5094279351305,18.45201635528797
Rwanda,CNRM-ESM2-1,-26.165538391574128,-99.99999797999446,-49.60602287949016,-75.96467942074207,-34.44458183980778
Saudi Arabia,CNRM-ESM2-1,-35.72263597026246,-100.0,-73.60443996998683,-99.95672199150354,-44.64847014041062
Senegal,CNRM-ESM2-1,-15.610078789499404,-100.0,-59.01686203101024,-99.9743835065654,-22.220042790375068
Serbia,CNRM-ESM2-1,-27.21702596249964,-99.99999988731528,-45.62603682319881,-89.638817849071,-27.038005511600453
Sierra Leone,CNRM-ESM2-1,-7.222243676193929,-99.99999999999986,-58.895312553431054,-97.97004517997333,-32.57293683833187
Slovakia,CNRM-ESM2-1,-24.681971939961013,-99.99575816070472,-28.92699147412088,-6.2970990160771345,0.10119490961332245
Slovenia,CNRM-ESM2-1,-7.214974265496132,-99.99996505950513,-40.36191341708882,-58.52912958106563,-14.860467300865077
Somalia,CNRM-ESM2-1,-35.43829885687234,-99.99999999999984,-24.202214694870563,-95.59392881815329,37.8072988274304
Somaliland,CNRM-ESM2-1,-34.51120268024622,-99.99999999999994,29.314911896381645,-95.59157397526687,110.85968123940975
South Africa,CNRM-ESM2-1,-25.362746203234188,-99.99999999999972,-61.754774836720806,-99.97476790003853,-54.67328370477157
South Korea,CNRM-ESM2-1,30.10927201344369,-99.99875085054232,-32.388882805662654,-16.219964643879102,-5.190603139575545
Spain,CNRM-ESM2-1,-13.661790263282981,-99.99999997919832,-44.78413398317226,-97.26826317373968,-31.094689336563
Sri Lanka,CNRM-ESM2-1,-20.1883116700714,-99.99999998507064,-58.42596460959232,-62.0308940371021,-21.31508544843367
Suriname,CNRM-ESM2-1,-1.456316034190075,-100.0,-56.68461570628396,-98.05854073893687,-22.136984064079208
Sweden,CNRM-ESM2-1,12.208031999207659,6519.911008143554,-10.95175204455414,477.22581101930496,7.390647414018514
Switzerland,CNRM-ESM2-1,7.866584567358426,-96.58492800049456,-20.416416026535355,-0.7497145875047739,-3.966305925148772
Syria,CNRM-ESM2-1,-41.46515426632269,-99.99999999999997,-75.60885194639346,-99.97761990899986,-70.17856266000942
Taiwan,CNRM-ESM2-1,7.7426765359985605,-99.99999970839326,-45.476328658112244,-95.68783539490056,-37.04050664005142
Tajikistan,CNRM-ESM2-1,-6.183190594267374,837294790.5663289,-13.813763002282064,492.92809810344147,-16.0252864653962
Tanzania,CNRM-ESM2-1,-45.82202384540264,-99.99999999989726,-55.313914286066264,-95.3958865370113,-47.10712402147125
Thailand,CNRM-ESM2-1,-35.405475379234865,-99.99999999999999,-66.06159919053161,-98.81508399783449,-49.48806287070853
Togo,CNRM-ESM2-1,-18.148460162643797,-99.99999999999984,-54.63264050771175,-96.66186794226434,-23.08096655225997
Tunisia,CNRM-ESM2-1,-36.67700455819234,-100.0,-73.27187455918292,-99.99941895071231,-71.10505867393137
Turkey,CNRM-ESM2-1,-30.930912289739897,-99.99999999123233,-60.802141153568236,-97.85025703260939,-49.13526076820891
Turkmenistan,CNRM-ESM2-1,-35.81948165752855,-99.99999912997886,-71.82128684865957,-73.32101383412663,-53.61586399454002
Uganda,CNRM-ESM2-1,-56.58563047460283,-99.99999998391472,-58.60758490322831,-28.653025879177935,-19.269963463878298
Ukraine,CNRM-ESM2-1,-14.65264366844935,-99.9978862624673,-39.803638834494535,-19.613336248983835,-19.161404436316936
United Kingdom,CNRM-ESM2-1,-4.2753326468405906,-99.70692559629293,-22.75602193945181,-2.224029723581933,-7.788411977190684
United States of America,CNRM-ESM2-1,3.401443264872417,-99.99930552762362,-33.264024926516676,-17.59626471038946,-13.080497170709211
Uruguay,CNRM-ESM2-1,-34.46900147920841,-99.99999299413305,-38.14008094406991,-89.89150156267509,-29.454280503155
Uzbekistan,CNRM-ESM2-1,-22.471568516642037,-99.99667144813506,-68.65763500723656,-6.315222251229735,-52.92033415850824
Venezuela,CNRM-ESM2-1,-10.949658008560647,-100.0,-67.70231222456623,-98.72958861068719,-42.797330917852456
Vietnam,CNRM-ESM2-1,-6.306759722798949,-99.99999999996588,-50.34591199249314,-99.28906631952415,-36.762181222161466
Yemen,CNRM-ESM2-1,39.61524006698704,-100.0,-42.57176361372801,-98.57574027690248,-1.4778766643188612
Zambia,CNRM-ESM2-1,-38.03011853564466,-100.0,-61.07361185066209,-99.92655010608743,-48.01955342606685
Zimbabwe,CNRM-ESM2-1,-55.89191847289323,-100.0,-77.00504772606617,-99.99941860846027,-72.98257416446157
Afghanistan,MIROC-ES2L,147.95215993941255,-99.04151956707071,3.0305951643655016,-79.44455069597404,16.23054945817526
Albania,MIROC-ES2L,21.47929256915484,-98.9455633417547,-5.8511833509271804,-89.60102570665646,0.6056218948203962
Angola,MIROC-ES2L,-1.7726620888948497,-99.37664012180608,-13.281388272702966,-90.93739797402058,-6.816325858144806
Argentina,MIROC-ES2L,-11.762093472870195,-95.08427550609296,-9.626047381334125,-70.14038154252486,-10.601525897903402
Armenia,MIROC-ES2L,31.12985742921648,-89.84122815713783,-2.5725932954416275,-80.67863132348828,1.3252262207250842
Australia,MIROC-ES2L,-31.900715052245587,-99.8910766859798,-23.243496027832833,-95.52729443772171,-17.235379246280488
Bangladesh,MIROC-ES2L,4.4305680492099375,-99.35718988389701,-13.30130816126589,-91.61032463960882,-9.626288020448737
Belarus,MIROC-ES2L,0.9701010692187317,12902.408664209694,0.9292632096484343,159.93152824563091,-2.945815565985499
Benin,MIROC-ES2L,-0.421079533993729,-99.98339078751829,-20.918099019434845,-83.60576148443195,-12.586142503034464
Bolivia,MIROC-ES2L,-2.439063279345588,-99.7328214105511,-15.471973481040724,-88.77236959304908,-8.857294069479005
Botswana,MIROC-ES2L,-3.6078369129936783,-99.91165594352651,-13.615124330525429,-95.83773139404818,-8.250491910786582
Brazil,MIROC-ES2L,-6.035956725549429,-99.95675861050616,-19.19995069018665,-95.685725207914,-11.33380518080272
Bulgaria,MIROC-ES2L,-57.2584053569348,-80.9634167688471,-3.463353692043214,-74.16609771300949,0.4867654515211761
Burkina Faso,MIROC-ES2L,-42.91042653318035,-99.9874701479708,-21.225526526750073,-41.156525324804974,-12.100002827627037
Cambodia,MIROC-ES2L,-5.267324835796517,-98.83571908558497,-14.029546318851615,-49.49073750515186,-6.964869919904587
Cameroon,MIROC-ES2L,-0.8084944772592584,-99.47777368617137,-13.70545848818372,-91.86388576144502,-7.7873525319270716
Canada,MIROC-ES2L,11.047474316423322,21731123.577562403,11.203979677130182,702.7039729750541,9.416267253775935
Central African Rep.,MIROC-ES2L,-3.782210749672421,-99.78324783763976,-15.045576381911363,-93.18007688328075,-8.103461721481025
Chad,MIROC-ES2L,4.581069488646805,-99.44007824728213,-19.68286645677123,12.717752659847768,-2.0375678732858282
Chile,MIROC-ES2L,-2.994214729524025,-89.03604787205356,-4.892697892732601,-79.61093297955075,-4.863455072029931
China,MIROC-ES2L,15.285752656329986,2524.788416378927,0.6196277771291614,24.853052163431258,-0.19949146267081996
Colombia,MIROC-ES2L,-6.030854259420315,-99.45630032117941,-13.194863967920467,-90.31196858179672,-7.263738614693904
Congo,MIROC-ES2L,3.687373716908593,-99.26767443804685,-12.65324844280854,-88.31948535082577,-6.827555638661803
Costa Rica,MIROC-ES2L,-8.774993306030343,-99.99700930143824,-26.77012134850858,-96.38382633659384,-25.967843091036443
Croatia,MIROC-ES2L,-38.78296153141464,161.87863747102392,-3.857523169179189,-24.566315491625506,-3.290761560210642
Czechia,MIROC-ES2L,2.8264036691717287,780.953245201849,-3.2925286874414317,7.69640198737922,-4.605988753627266
Côte d'Ivoire,MIROC-ES2L,-4.769540760460833,-99.92527473327245,-18.86975275841255,-91.37090093338105,-11.281647195182774
Dem. Rep. Congo,MIROC-ES2L,-0.9629645045087343,-99.61301829472147,-14.390270762149559,-93.2266610119245,-7.646563883364149
Ecuador,MIROC-ES2L,-16.391513693700187,-98.78547125946781,-13.622543979072788,-88.87166135605516,-9.270674207859924
Eq. Guinea,MIROC-ES2L,0.8319119336214209,-99.27787568383643,-13.568845654235728,-83.84626431172012,-8.05513958776864
Ethiopia,MIROC-ES2L,-4.201353177340961,-99.76770966523856,-17.140035696883725,-93.64613022136936,-10.059335787977197
Finland,MIROC-ES2L,43.25374399008921,18043282.597035244,16.357757552787522,972.9055685130247,15.058454342645366
France,MIROC-ES2L,6.961398643964212,-82.83789476933455,-6.197836572005899,-57.337665631030745,-3.8335566761967366
Gabon,MIROC-ES2L,3.1939657837693147,-99.21804833250667,-12.336936412375387,-89.53634941115573,-6.660885260961747
Germany,MIROC-ES2L,15.548784579072894,719.4432489160992,-2.8080913154918785,14.468698431164185,-3.3102287481985626
Ghana,MIROC-ES2L,-8.198850764497688,-99.94411895179628,-18.69650313043085,-84.93151069792063,-11.076554447995875
Greece,MIROC-ES2L,-8.023543399046062,-99.69974972100488,-6.531169177276075,-94.93923921123266,-0.23350704929602784
Guatemala,MIROC-ES2L,-26.51181157532726,-99.99966868556814,-37.13686403938563,-97.46366968249522,-29.016697530423563
Guinea,MIROC-ES2L,-10.130882485858915,-99.90819099680489,-19.54005434004995,-93.96328505269727,-11.02735170117236
Guinea-Bissau,MIROC-ES2L,-86.38159706385079,-99.9999144463486,-29.99136243545315,-99.3699355582522,-24.147922409295784
Guyana,MIROC-ES2L,-10.112194512776284,-99.98415956560862,-20.610760703233176,-94.4584896023932,-12.731080240948224
Honduras,MIROC-ES2L,-10.812517049337767,-99.99950877827177,-28.755629471909707,-99.5625469554013,-28.93833316425893
India,MIROC-ES2L,-17.42350435214657,-99.8945667550003,-21.452110573687587,-93.9834923235048,-12.549661362654618
Indonesia,MIROC-ES2L,1.33955463354829,-99.4785345249398,-12.838394265262199,-90.25683338887325,-7.465393612724286
Ireland,MIROC-ES2L,16.06591358552172,73.90844796150606,0.4479520836832007,-25.140681365663617,-0.6981314998046273
Italy,MIROC-ES2L,3.086756906347099,-90.03854530955344,-6.003499810823532,-70.92666872589194,-3.52192454932867
Japan,MIROC-ES2L,0.5678415035793138,-75.82527291692259,-5.061518856883462,-54.25272742480871,-2.9973446267474113
Kazakhstan,MIROC-ES2L,-13.662999403727339,8803.708320719526,0.7263783245025968,146.23034907041077,2.4326207551973456
Kenya,MIROC-ES2L,-37.70998718656108,-99.95691244983786,-17.781325738142428,-95.97804794755223,-10.980157667553769
Kyrgyzstan,MIROC-ES2L,147.51673632890748,13338.103714742661,4.98416232145944,166.71294512227053,14.329101090258757
Laos,MIROC-ES2L,1.899389801047402,-97.14736882995496,-11.632049932347321,-78.59471139631101,-6.115414311131473
Latvia,MIROC-ES2L,-3.037101156230426,33667.37820760271,5.020425470970968,543.7944616220225,3.167605050383726
Lesotho,MIROC-ES2L,24.396400183431766,-94.92719578531327,-7.033549657107185,-65.02518019327209,-2.7761495978864237
Liberia,MIROC-ES2L,3.73221986945389,-99.72106551564174,-14.703719795340453,-86.69962450390523,-7.240913384450787
Lithuania,MIROC-ES2L,4.034491723746547,12258.81389168156,-0.5420167423029643,228.63960538264308,-5.080555221949701
Madagascar,MIROC-ES2L,-8.476039992478036,-99.87681539169958,-13.446872488149374,-93.59562701816583,-7.412453585753381
Malawi,MIROC-ES2L,2.8296242547022787,-99.61095318622613,-15.356612999053254,-92.71611691202729,-8.466216996273944
Malaysia,MIROC-ES2L,3.427642583103041,-99.02502668391784,-13.479332741355499,-91.27104654143581,-7.581460920834693
Mali,MIROC-ES2L,-71.9185467076427,-99.99982247273469,-24.180466976384484,-68.6775361278261,-10.8123397084967
Mexico,MIROC-ES2L,-2.0395086703411613,-99.9853089336769,-19.945448755887018,-97.92552619197068,-13.035952912506687
Moldova,MIROC-ES2L,186.28986746535583,-44.253700608246525,2.2110274911576466,-35.44345375639345,12.299606878866854
Mongolia,MIROC-ES2L,61.575655277046316,1102992.1204927203,10.687624514261728,700.6677552362867,12.83222076963294
Morocco,MIROC-ES2L,7.226368343738776,-99.99988300305859,-15.817621473212185,-98.89476956164154,-7.993361478005212
Mozambique,MIROC-ES2L,-9.84769223095795,-99.93190138734677,-16.172891752191255,-95.40210008058676,-9.372422608268689
Myanmar,MIROC-ES2L,1.946596220850405,-97.59666139876025,-10.659511841309977,-78.8375025629945,-6.1962195225360945
Namibia,MIROC-ES2L,24.52107232055416,-99.83529580714169,-11.240870209620956,-94.1474902494938,-1.1885601433812176
Nepal,MIROC-ES2L,7.0185598501459,-47.56400758989561,-4.565807634441466,-38.23726142522521,-2.8147959969167857
Netherlands,MIROC-ES2L,15.685892874255615,251.34897750334727,-3.416195499585095,5.867281418660342,-4.045075596015241
New Zealand,MIROC-ES2L,19.281322562354262,58.57999434500718,-0.7713847752619962,-6.170670666357647,0.20156114297193994
Nicaragua,MIROC-ES2L,-17.235349405926314,-99.99775689328501,-25.71684125335575,-97.28725854487458,-20.16860010334628
Niger,MIROC-ES2L,-79.57300943484812,-92.14800824806315,-9.170733776215512,68.0903337695064,3.344231092427763
Nigeria,MIROC-ES2L,-13.951993096420823,-99.9354078231574,-19.934863067607957,-83.96701257454023,-11.734302656694645
North Korea,MIROC-ES2L,35.83272001033044,900.2006432100934,0.5564960213350068,1.2768627878114391,-3.5570734572950347
Norway,MIROC-ES2L,20.816533289793647,379985.8679158846,9.332641568339062,427.62224647826076,5.059666871983016
Pakistan,MIROC-ES2L,184.6750164290623,-99.98327804800353,-9.084115765626455,-96.50596277437171,7.827888755128509
Papua New Guinea,MIROC-ES2L,-4.663941115997394,-99.13234850272349,-9.633950848671935,-88.6680817762192,-4.48801685803677
Paraguay,MIROC-ES2L,-54.86601823591931,-99.98425395561874,-23.992648951571905,-83.02553229685425,-18.551147609283714
Peru,MIROC-ES2L,0.7725931060847513,-98.58371841759083,-12.756692638361367,-88.47786866407918,-8.20255191045463
Philippines,MIROC-ES2L,14.975904333792457,-99.67501883560091,-15.648775058889008,-79.3330767664026,-7.433987567184774
Poland,MIROC-ES2L,2.8782843827596993,2268.64132798735,-1.4933363051484294,163.49099155206736,-3.2546028799739837
Portugal,MIROC-ES2L,2.166538068290347,-99.05234097071005,-10.630109621557992,-94.63225685419457,-13.199603300778495
Romania,MIROC-ES2L,-16.45705389635467,153.30676036458962,-1.8973376618651172,-9.652903117304568,1.8425590555781302
Russia,MIROC-ES2L,12.34241177266866,422148865.4293184,12.68147068709764,1151.8956784134948,12.839863870104628
S. Sudan,MIROC-ES2L,-6.43147640997298,-99.8719726615309,-18.152039105888605,-94.84555090570818,-10.51918803670805
Senegal,MIROC-ES2L,-39.15300970384285,-99.9999827103912,-57.33352334258935,-88.93978370240092,-25.393649633174626
Serbia,MIROC-ES2L,-6.877435526442044,-36.06653242470843,-3.950810932048654,-37.37789382055302,-1.0899735154223822
Sierra Leone,MIROC-ES2L,-1.4053087701872968,-99.9422034009273,-19.043915821210334,-96.12205924271026,-11.434413921223957
Slovakia,MIROC-ES2L,-1.4993779659063455,789.1470970992218,-2.8421456478012863,19.74052891134656,-2.897892836167615
Slovenia,MIROC-ES2L,-5.523995129653237,158.02165846287105,-3.236491805871755,-21.71281354163675,-2.3397988307351234
South Africa,MIROC-ES2L,13.934694410766335,-98.98544824562056,-9.169752433504918,-85.92799351539907,-3.3902457125240204
Spain,MIROC-ES2L,7.236271331584709,-99.53680903087444,-15.457075436806377,-95.03690899704173,-18.57102541218572
Sudan,MIROC-ES2L,-36.34103669923543,-99.56938863816563,-20.026098136632754,-20.79678206333066,-2.511186938141119
Suriname,MIROC-ES2L,12.521791263439841,-99.99576403258439,-23.670479746276396,-97.19607053113465,-14.574056433323273
Sweden,MIROC-ES2L,6.758470328124999,187750.9677360183,8.514441006817153,433.733997143809,5.8674688849201235
Taiwan,MIROC-ES2L,30.19438030574644,-99.65123566495149,-15.633302783873049,-88.82378098604161,-10.114146982954757
Tajikistan,MIROC-ES2L,181.9536234162701,9141.261056502959,8.02198366128164,143.3669363575504,21.45818546839884
Tanzania,MIROC-ES2L,-3.4324953775316303,-99.81223439521118,-14.022845626628555,-93.59995630003237,-7.405002493833107
Thailand,MIROC-ES2L,-8.830209057917193,-96.4763602302856,-14.138933413907539,-64.50876714057418,-8.00374953435976
Turkey,MIROC-ES2L,-8.062547771189443,-97.48458924838374,-8.042295213284056,-86.50909193912102,-4.654517775370287
Uganda,MIROC-ES2L,16.499913189334215,-99.39157607885389,-13.317550232586816,-92.17948078067431,-6.299998400150997
Ukraine,MIROC-ES2L,15.455577385685793,700.1327380902663,-0.27513032163913875,19.01154888134675,1.3375511087625136
United Kingdom,MIROC-ES2L,11.474934236402024,157.68215205848287,0.03387376825914057,-3.701002254632418,0.5713332682105277
United States of America,MIROC-ES2L,11.261455483969417,64.4581712622323,-1.9011650010776426,-22.786013993363838,-0.564078503818255
Uruguay,MIROC-ES2L,-8.31874261445077,-33.8734648746367,-6.700854921704136,42.65275238274751,-6.825598489689083
Uzbekistan,MIROC-ES2L,68.40338401203294,-69.08031212035857,9.782945208784,-21.106454718716616,15.832360226624541
Venezuela,MIROC-ES2L,-12.474824806217022,-99.97438312357045,-18.529502565776234,-95.39311226435213,-11.425860363732953
Zambia,MIROC-ES2L,-2.7220945254417206,-99.68815852955687,-16.79171291983186,-90.55426396131767,-9.564394480351895
Zimbabwe,MIROC-ES2L,-7.199859213364157,-99.9253643773615,-16.452598449266496,-95.37517807192165,-10.425504796981317
eSwatini,MIROC-ES2L,-6.074104495428633,-98.1277198773005,-7.950736903803801,-77.77640006486746,-3.980622677262036
